time,water_level,Index,Measurement (mm)
1/1/2023 0:00,26.12362036,,
1/1/2023 1:00,27.85214292,,
1/1/2023 2:00,27.19598183,,
1/1/2023 3:00,26.79597545,,
1/1/2023 4:00,25.46805592,,
1/1/2023 5:00,25.46798356,,
1/1/2023 6:00,25.17425084,,
1/1/2023 7:00,27.59852844,,
1/1/2023 8:00,26.80334504,,
1/1/2023 9:00,27.12421773,,
1/1/2023 10:00,25.06175348,,
1/1/2023 11:00,27.90972956,,
1/1/2023 12:00,27.49732792,,
1/1/2023 13:00,25.63701733,,
1/1/2023 14:00,25.5454749,,
1/1/2023 15:00,25.55021353,,
1/1/2023 16:00,25.91272673,,
1/1/2023 17:00,26.57426929,,
1/1/2023 18:00,26.29583506,,
1/1/2023 19:00,25.87368742,,
1/1/2023 20:00,26.83555868,,
1/1/2023 21:00,25.41848158,,
1/1/2023 22:00,25.87643395,,
1/1/2023 23:00,26.09908553,,
1/2/2023 0:00,26.36820995,,
1/2/2023 1:00,27.35552788,,
1/2/2023 2:00,25.59902135,,
1/2/2023 3:00,26.54270332,,
1/2/2023 4:00,26.77724371,,
1/2/2023 5:00,25.13935124,,
1/2/2023 6:00,26.82263456,,
1/2/2023 7:00,25.51157237,,
1/2/2023 8:00,25.19515478,,
1/2/2023 9:00,27.84665661,,
1/2/2023 10:00,27.8968961,,
1/2/2023 11:00,27.42519204,,
1/2/2023 12:00,25.91384131,,
1/2/2023 13:00,25.29301634,,
1/2/2023 14:00,27.05269908,,
1/2/2023 15:00,26.32045748,,
1/2/2023 16:00,25.3661147,,
1/2/2023 17:00,26.48553073,,
1/2/2023 18:00,25.10316556,,
1/2/2023 19:00,27.72796121,,
1/2/2023 20:00,25.77633994,,
1/2/2023 21:00,26.98756685,,
1/2/2023 22:00,25.93513323,,
1/2/2023 23:00,26.56020406,,
1/3/2023 0:00,26.64013084,,
1/3/2023 1:00,25.55456337,,
1/3/2023 2:00,27.90875388,,
1/3/2023 3:00,27.32539847,,
1/3/2023 4:00,27.81849682,,
1/3/2023 5:00,27.68448205,,
1/3/2023 6:00,26.79369994,,
1/3/2023 7:00,27.76562271,,
1/3/2023 8:00,25.26547751,,
1/3/2023 9:00,25.58794859,,
1/3/2023 10:00,25.13568187,,
1/3/2023 11:00,25.97599099,,
1/3/2023 12:00,26.16603187,,
1/3/2023 13:00,25.8140471,,
1/3/2023 14:00,27.48621253,,
1/3/2023 15:00,26.07025998,,
1/3/2023 16:00,25.84280353,,
1/3/2023 17:00,26.62808825,,
1/3/2023 18:00,25.42277267,,
1/3/2023 19:00,27.40659094,,
1/3/2023 20:00,25.22365193,,
1/3/2023 21:00,27.96066081,,
1/3/2023 22:00,27.31673431,,
1/3/2023 23:00,25.59614704,,
1/4/2023 0:00,25.01656635,,
1/4/2023 1:00,27.44638429,,
1/4/2023 2:00,27.12057203,,
1/4/2023 3:00,27.1870215,,
1/4/2023 4:00,27.31381104,,
1/4/2023 5:00,25.22213396,,
1/4/2023 6:00,26.07539719,,
1/4/2023 7:00,25.34760718,,
1/4/2023 8:00,27.58931028,,
1/4/2023 9:00,26.86989438,,
1/4/2023 10:00,25.99269407,,
1/4/2023 11:00,25.19067505,,
1/4/2023 12:00,25.93294697,,
1/4/2023 13:00,25.97554997,,
1/4/2023 14:00,27.18881854,,
1/4/2023 15:00,26.91267241,,
1/4/2023 16:00,27.66163823,,
1/4/2023 17:00,26.41664478,,
1/4/2023 18:00,25.35878274,,
1/4/2023 19:00,27.13973436,,
1/4/2023 20:00,27.28235515,,
1/4/2023 21:00,26.68383159,,
1/4/2023 22:00,27.31290154,,
1/4/2023 23:00,26.48138679,,
1/5/2023 0:00,26.56819849,,
1/5/2023 1:00,26.28262306,,
1/5/2023 2:00,25.07625738,,
1/5/2023 3:00,25.32367428,,
1/5/2023 4:00,25.09428756,,
1/5/2023 5:00,26.90923123,,
1/5/2023 6:00,25.94306794,,
1/5/2023 7:00,26.52571207,,
1/5/2023 8:00,27.72269942,,
1/5/2023 9:00,25.74787669,,
1/5/2023 10:00,26.23114877,,
1/5/2023 11:00,27.26665342,,
1/5/2023 12:00,25.6863945,,
1/5/2023 13:00,25.23093973,,
1/5/2023 14:00,25.86925436,,
1/5/2023 15:00,25.48366386,,
1/5/2023 16:00,27.78909296,,
1/5/2023 17:00,27.42436114,,
1/5/2023 18:00,26.90021127,,
1/5/2023 19:00,27.61438177,,
1/5/2023 20:00,27.41101623,,
1/5/2023 21:00,25.55971018,,
1/5/2023 22:00,27.677677,,
1/5/2023 23:00,26.61802673,,
1/6/2023 0:00,27.42232047,,
1/6/2023 1:00,27.6882739,,
1/6/2023 2:00,25.95401042,,
1/6/2023 3:00,25.33015577,,
1/6/2023 4:00,25.68380549,,
1/6/2023 5:00,26.28132337,,
1/6/2023 6:00,27.4540443,,
1/6/2023 7:00,27.58219175,,
1/6/2023 8:00,25.02085639,,
1/6/2023 9:00,26.53224191,,
1/6/2023 10:00,26.25223301,,
1/6/2023 11:00,25.66632343,,
1/6/2023 12:00,25.3595961,,
1/6/2023 13:00,26.01284551,,
1/6/2023 14:00,27.82872911,,
1/6/2023 15:00,25.9696088,,
1/6/2023 16:00,26.55637187,,
1/6/2023 17:00,27.10905688,,
1/6/2023 18:00,26.09088881,,
1/6/2023 19:00,27.91534625,,
1/6/2023 20:00,27.88734188,,
1/6/2023 21:00,25.75534689,,
1/6/2023 22:00,26.49174552,,
1/6/2023 23:00,25.90263493,,
1/7/2023 0:00,25.85452148,,
1/7/2023 1:00,25.11066084,,
1/7/2023 2:00,26.828693,,
1/7/2023 3:00,26.50803707,,
1/7/2023 4:00,25.15443625,,
1/7/2023 5:00,25.83593939,,
1/7/2023 6:00,27.72479766,,
1/7/2023 7:00,25.71868567,,
1/7/2023 8:00,25.43468462,,
1/7/2023 9:00,26.46835828,,
1/7/2023 10:00,27.95695136,,
1/7/2023 11:00,25.72616581,,
1/7/2023 12:00,27.01640664,,
1/7/2023 13:00,27.28485885,,
1/7/2023 14:00,25.71291263,,
1/7/2023 15:00,27.18464905,,
1/7/2023 16:00,26.1033494,,
1/7/2023 17:00,26.89691749,,
1/7/2023 18:00,26.90058913,,
1/7/2023 19:00,26.60732405,,
1/7/2023 20:00,25.27086931,,
1/7/2023 21:00,27.50590749,,
1/7/2023 22:00,25.96234019,,
1/7/2023 23:00,25.55955553,,
1/8/2023 0:00,25.12232542,,
1/8/2023 1:00,26.77267883,,
1/8/2023 2:00,27.03269309,,
1/8/2023 3:00,25.04976349,,
1/8/2023 4:00,26.53627917,,
1/8/2023 5:00,25.67948733,,
1/8/2023 6:00,26.93551837,,
1/8/2023 7:00,25.52309929,,
1/8/2023 8:00,27.07281321,,
1/8/2023 9:00,26.16020604,,
1/8/2023 10:00,27.81018997,,
1/8/2023 11:00,25.41256283,,
1/8/2023 12:00,26.02319905,,
1/8/2023 13:00,25.34042056,,
1/8/2023 14:00,27.77408085,,
1/8/2023 15:00,27.63201806,,
1/8/2023 16:00,25.77382488,,
1/8/2023 17:00,26.97995214,,
1/8/2023 18:00,27.4516666,,
1/8/2023 19:00,26.66560243,,
1/8/2023 20:00,26.58895174,,
1/8/2023 21:00,25.72555687,,
1/8/2023 22:00,25.2793083,,
1/8/2023 23:00,27.69164727,,
1/9/2023 0:00,27.70125417,,
1/9/2023 1:00,26.89930437,,
1/9/2023 2:00,26.01708937,,
1/9/2023 3:00,26.04762872,,
1/9/2023 4:00,27.17786704,,
1/9/2023 5:00,27.69133078,,
1/9/2023 6:00,27.66125927,,
1/9/2023 7:00,27.33962664,,
1/9/2023 8:00,26.92609494,,
1/9/2023 9:00,25.25241989,,
1/9/2023 10:00,25.48488614,,
1/9/2023 11:00,27.69566257,,
1/9/2023 12:00,26.81928718,,
1/9/2023 13:00,25.02759115,,
1/9/2023 14:00,25.30441463,,
1/9/2023 15:00,26.99050531,,
1/9/2023 16:00,25.01518475,,
1/9/2023 17:00,25.48242415,,
1/9/2023 18:00,26.64620137,,
1/9/2023 19:00,27.07568559,,
1/9/2023 20:00,26.95588378,,
1/9/2023 21:00,25.67280793,,
1/9/2023 22:00,27.13653766,,
1/9/2023 23:00,25.71174726,,
1/10/2023 0:00,25.97619909,,
1/10/2023 1:00,27.23947422,,
1/10/2023 2:00,26.9488987,,
1/10/2023 3:00,27.54767023,,
1/10/2023 4:00,26.97283868,,
1/10/2023 5:00,26.70492581,,
1/10/2023 6:00,25.2810243,,
1/10/2023 7:00,26.10314741,,
1/10/2023 8:00,25.7956071,,
1/10/2023 9:00,25.73196893,,
1/10/2023 10:00,27.91903166,,
1/10/2023 11:00,26.17929317,,
1/10/2023 12:00,27.67613967,,
1/10/2023 13:00,26.89341588,,
1/10/2023 14:00,27.38443391,,
1/10/2023 15:00,26.50791128,,
1/10/2023 16:00,26.73071165,,
1/10/2023 17:00,26.47755308,,
1/10/2023 18:00,25.58572896,,
1/10/2023 19:00,27.16735635,,
1/10/2023 20:00,25.84231709,,
1/10/2023 21:00,25.0729479,,
1/10/2023 22:00,26.93641689,,
1/10/2023 23:00,25.53133204,,
1/11/2023 0:00,27.82137575,,
1/11/2023 1:00,27.86178573,,
1/11/2023 2:00,27.74459317,,
1/11/2023 3:00,26.1104761,,
1/11/2023 4:00,25.04636985,,
1/11/2023 5:00,27.78495569,,
1/11/2023 6:00,26.28455244,,
1/11/2023 7:00,27.89996446,,
1/11/2023 8:00,27.89085993,,
1/11/2023 9:00,27.55902837,,
1/11/2023 10:00,25.88334668,,
1/11/2023 11:00,26.15529319,,
1/11/2023 12:00,27.55341001,,
1/11/2023 13:00,25.95076602,,
1/11/2023 14:00,25.50847824,,
1/11/2023 15:00,26.67040379,,
1/11/2023 16:00,27.80846432,,
1/11/2023 17:00,27.08808939,,
1/11/2023 18:00,26.71018351,,
1/11/2023 19:00,25.29152948,,
1/11/2023 20:00,26.84502168,,
1/11/2023 21:00,27.97016155,,
1/11/2023 22:00,25.42025205,,
1/11/2023 23:00,26.55498896,,
1/12/2023 0:00,27.63211922,,
1/12/2023 1:00,27.22230585,,
1/12/2023 2:00,27.09104722,,
1/12/2023 3:00,27.10745225,,
1/12/2023 4:00,26.07847345,,
1/12/2023 5:00,25.88077553,,
1/12/2023 6:00,27.42808347,,
1/12/2023 7:00,27.43034018,,
1/12/2023 8:00,27.60121696,,
1/12/2023 9:00,27.73972166,,
1/12/2023 10:00,26.5340272,,
1/12/2023 11:00,26.50454888,,
1/12/2023 12:00,27.39488554,,
1/12/2023 13:00,26.94989179,,
1/12/2023 14:00,27.10590063,,
1/12/2023 15:00,27.38737801,,
1/12/2023 16:00,27.67001603,,
1/12/2023 17:00,26.01398547,,
1/12/2023 18:00,26.12674886,,
1/12/2023 19:00,25.28194582,,
1/12/2023 20:00,26.73484042,,
1/12/2023 21:00,25.10782682,,
1/12/2023 22:00,26.39679405,,
1/12/2023 23:00,26.6279339,,
1/13/2023 0:00,25.85962376,,
1/13/2023 1:00,26.77249978,,
1/13/2023 2:00,25.09150075,,
1/13/2023 3:00,25.11204457,,
1/13/2023 4:00,27.46780168,,
1/13/2023 5:00,26.08057192,,
1/13/2023 6:00,25.38118154,,
1/13/2023 7:00,26.56672978,,
1/13/2023 8:00,27.30998066,,
1/13/2023 9:00,25.64746308,,
1/13/2023 10:00,26.86867143,,
1/13/2023 11:00,25.25604239,,
1/13/2023 12:00,25.15504516,,
1/13/2023 13:00,26.59406389,,
1/13/2023 14:00,26.62190536,,
1/13/2023 15:00,26.9122897,,
1/13/2023 16:00,27.178274,,
1/13/2023 17:00,27.92755624,,
1/13/2023 18:00,26.54890104,,
1/13/2023 19:00,25.96886942,,
1/13/2023 20:00,27.38555858,,
1/13/2023 21:00,25.81249675,,
1/13/2023 22:00,26.31691426,,
1/13/2023 23:00,25.23536914,,
1/14/2023 0:00,25.07605223,,
1/14/2023 1:00,27.88794524,,
1/14/2023 2:00,27.50794036,,
1/14/2023 3:00,27.08792262,,
1/14/2023 4:00,26.22685883,,
1/14/2023 5:00,25.51988296,,
1/14/2023 6:00,25.46931113,,
1/14/2023 7:00,25.75072869,,
1/14/2023 8:00,26.64767999,,
1/14/2023 9:00,27.14378777,,
1/14/2023 10:00,26.98059213,,
1/14/2023 11:00,25.83980169,,
1/14/2023 12:00,27.86459584,,
1/14/2023 13:00,27.21369075,,
1/14/2023 14:00,26.66306216,,
1/14/2023 15:00,26.83516224,,
1/14/2023 16:00,26.25880019,,
1/14/2023 17:00,25.74319297,,
1/14/2023 18:00,26.06791804,,
1/14/2023 19:00,27.27353833,,
1/14/2023 20:00,25.04318047,,
1/14/2023 21:00,25.34821792,,
1/14/2023 22:00,25.13800793,,
1/14/2023 23:00,25.12218641,,
1/15/2023 0:00,27.56638175,,
1/15/2023 1:00,27.11097358,,
1/15/2023 2:00,26.42252149,,
1/15/2023 3:00,25.29350248,,
1/15/2023 4:00,26.47484763,,
1/15/2023 5:00,26.42041531,,
1/15/2023 6:00,25.51960561,,
1/15/2023 7:00,26.30155495,,
1/15/2023 8:00,26.1955142,,
1/15/2023 9:00,26.84755029,,
1/15/2023 10:00,26.90528095,,
1/15/2023 11:00,25.13591203,,
1/15/2023 12:00,26.12383784,,
1/15/2023 13:00,26.87757975,,
1/15/2023 14:00,26.50940878,,
1/15/2023 15:00,27.56946952,,
1/15/2023 16:00,26.97608089,,
1/15/2023 17:00,25.48880328,,
1/15/2023 18:00,25.21170624,,
1/15/2023 19:00,26.92725783,,
1/15/2023 20:00,25.07953393,,
1/15/2023 21:00,26.75732674,,
1/15/2023 22:00,27.82069072,,
1/15/2023 23:00,26.72642253,,
1/16/2023 0:00,26.16450978,,
1/16/2023 1:00,26.92986466,,
1/16/2023 2:00,26.37475867,,
1/16/2023 3:00,26.63685037,,
1/16/2023 4:00,27.82439443,,
1/16/2023 5:00,26.15830791,,
1/16/2023 6:00,27.88357169,,
1/16/2023 7:00,27.71605193,,
1/16/2023 8:00,25.5873734,,
1/16/2023 9:00,25.2080839,,
1/16/2023 10:00,25.302334,,
1/16/2023 11:00,25.05466548,,
1/16/2023 12:00,25.28332888,,
1/16/2023 13:00,27.04902032,,
1/16/2023 14:00,25.21356595,,
1/16/2023 15:00,25.95692689,,
1/16/2023 16:00,27.53462593,,
1/16/2023 17:00,25.06981581,,
1/16/2023 18:00,27.44340545,,
1/16/2023 19:00,25.84556432,,
1/16/2023 20:00,25.35449448,,
1/16/2023 21:00,27.0902115,,
1/16/2023 22:00,26.88682854,,
1/16/2023 23:00,27.63241604,,
1/17/2023 0:00,27.20521313,,
1/17/2023 1:00,27.41044279,,
1/17/2023 2:00,25.84610372,,
1/17/2023 3:00,25.53231863,,
1/17/2023 4:00,27.25184425,,
1/17/2023 5:00,27.42050422,,
1/17/2023 6:00,27.97151543,,
1/17/2023 7:00,26.23785303,,
1/17/2023 8:00,26.11605426,,
1/17/2023 9:00,27.32923888,,
1/17/2023 10:00,26.02241062,,
1/17/2023 11:00,27.79227198,,
1/17/2023 12:00,27.57523826,,
1/17/2023 13:00,26.28698208,,
1/17/2023 14:00,27.2526132,,
1/17/2023 15:00,27.26362862,,
1/17/2023 16:00,25.30937161,,
1/17/2023 17:00,27.70765872,,
1/17/2023 18:00,26.51575712,,
1/17/2023 19:00,27.4793724,,
1/17/2023 20:00,25.9601488,,
1/17/2023 21:00,27.68656969,,
1/17/2023 22:00,26.16760504,,
1/17/2023 23:00,25.03251295,,
1/18/2023 0:00,27.71614593,,
1/18/2023 1:00,25.27386003,,
1/18/2023 2:00,25.95794091,,
1/18/2023 3:00,27.8501859,,
1/18/2023 4:00,27.85182144,,
1/18/2023 5:00,26.72031366,,
1/18/2023 6:00,26.89551164,,
1/18/2023 7:00,26.34533657,,
1/18/2023 8:00,25.87963232,,
1/18/2023 9:00,25.98599364,,
1/18/2023 10:00,27.01755537,,
1/18/2023 11:00,27.25712359,,
1/18/2023 12:00,27.37473713,,
1/18/2023 13:00,27.36885443,,
1/18/2023 14:00,25.27361831,,
1/18/2023 15:00,26.48326091,,
1/18/2023 16:00,25.17267628,,
1/18/2023 17:00,26.64858665,,
1/18/2023 18:00,26.3245915,,
1/18/2023 19:00,27.66311255,,
1/18/2023 20:00,26.05274504,,
1/18/2023 21:00,25.35120105,,
1/18/2023 22:00,25.42897505,,
1/18/2023 23:00,27.2845319,,
1/19/2023 0:00,26.85465419,,
1/19/2023 1:00,25.30336803,,
1/19/2023 2:00,25.25232042,,
1/19/2023 3:00,27.10290739,,
1/19/2023 4:00,25.21828902,,
1/19/2023 5:00,27.46558018,,
1/19/2023 6:00,27.11872668,,
1/19/2023 7:00,25.24404634,,
1/19/2023 8:00,25.25451314,,
1/19/2023 9:00,27.95991874,,
1/19/2023 10:00,26.12281239,,
1/19/2023 11:00,26.11192644,,
1/19/2023 12:00,27.4383987,,
1/19/2023 13:00,27.84174573,,
1/19/2023 14:00,27.95800319,,
1/19/2023 15:00,27.26013456,,
1/19/2023 16:00,26.12877876,,
1/19/2023 17:00,25.25050215,,
1/19/2023 18:00,27.33144075,,
1/19/2023 19:00,26.67521275,,
1/19/2023 20:00,26.27266603,,
1/19/2023 21:00,27.71906316,,
1/19/2023 22:00,25.33359245,,
1/19/2023 23:00,26.47787531,,
1/20/2023 0:00,25.03406093,,
1/20/2023 1:00,26.40598193,,
1/20/2023 2:00,25.16890983,,
1/20/2023 3:00,25.35645375,,
1/20/2023 4:00,25.35257874,,
1/20/2023 5:00,26.94763091,,
1/20/2023 6:00,27.23813464,,
1/20/2023 7:00,26.7501063,,
1/20/2023 8:00,27.88651765,,
1/20/2023 9:00,26.12461174,,
1/20/2023 10:00,25.85713626,,
1/20/2023 11:00,27.60579738,,
1/20/2023 12:00,25.67078752,,
1/20/2023 13:00,27.88966762,,
1/20/2023 14:00,25.03646342,,
1/20/2023 15:00,27.90963648,,
1/20/2023 16:00,25.12947974,,
1/20/2023 17:00,27.67342934,,
1/20/2023 18:00,26.58310333,,
1/20/2023 19:00,27.97889439,,
1/20/2023 20:00,25.22138969,,
1/20/2023 21:00,26.66156285,,
1/20/2023 22:00,27.90790761,,
1/20/2023 23:00,26.56929353,,
1/21/2023 0:00,26.88819591,,
1/21/2023 1:00,27.08724607,,
1/21/2023 2:00,26.36362319,,
1/21/2023 3:00,26.88267424,,
1/21/2023 4:00,26.75294294,,
1/21/2023 5:00,27.70347403,,
1/21/2023 6:00,25.13633914,,
1/21/2023 7:00,25.84288957,,
1/21/2023 8:00,27.85123445,,
1/21/2023 9:00,27.67079135,,
1/21/2023 10:00,26.36697026,,
1/21/2023 11:00,26.86039779,,
1/21/2023 12:00,25.83214355,,
1/21/2023 13:00,25.56436348,,
1/21/2023 14:00,26.39109521,,
1/21/2023 15:00,26.06005668,,
1/21/2023 16:00,26.75096834,,
1/21/2023 17:00,25.23320391,,
1/21/2023 18:00,27.92318442,,
1/21/2023 19:00,27.95863223,,
1/21/2023 20:00,27.09448514,,
1/21/2023 21:00,26.6082891,,
1/21/2023 22:00,25.92858285,,
1/21/2023 23:00,27.44138506,,
1/22/2023 0:00,27.05419352,,
1/22/2023 1:00,25.48785082,,
1/22/2023 2:00,27.73278155,,
1/22/2023 3:00,27.46761173,,
1/22/2023 4:00,27.84939974,,
1/22/2023 5:00,27.17715853,,
1/22/2023 6:00,26.84024559,,
1/22/2023 7:00,26.25472911,,
1/22/2023 8:00,27.79818545,,
1/22/2023 9:00,27.59819167,,
1/22/2023 10:00,25.13565601,,
1/22/2023 11:00,25.07910092,,
1/22/2023 12:00,26.1293901,,
1/22/2023 13:00,27.43165999,,
1/22/2023 14:00,27.96182839,,
1/22/2023 15:00,25.45125067,,
1/22/2023 16:00,26.78239215,,
1/22/2023 17:00,26.14267257,,
1/22/2023 18:00,27.90974319,,
1/22/2023 19:00,27.52635677,,
1/22/2023 20:00,27.51498611,,
1/22/2023 21:00,26.40607948,,
1/22/2023 22:00,26.24445851,,
1/22/2023 23:00,25.82022122,,
1/23/2023 0:00,25.16912649,,
1/23/2023 1:00,27.59416713,,
1/23/2023 2:00,27.43870303,,
1/23/2023 3:00,27.99915302,,
1/23/2023 4:00,27.98991051,,
1/23/2023 5:00,26.66629512,,
1/23/2023 6:00,27.30696225,,
1/23/2023 7:00,27.83429719,,
1/23/2023 8:00,27.54894217,,
1/23/2023 9:00,25.74204431,,
1/23/2023 10:00,26.35163241,,
1/23/2023 11:00,25.38747825,,
1/23/2023 12:00,27.86215308,,
1/23/2023 13:00,26.8185239,,
1/23/2023 14:00,25.68592842,,
1/23/2023 15:00,27.01510205,,
1/23/2023 16:00,26.85438472,,
1/23/2023 17:00,26.07448815,,
1/23/2023 18:00,25.34067278,,
1/23/2023 19:00,27.01471959,,
1/23/2023 20:00,26.5609231,,
1/23/2023 21:00,27.31695518,,
1/23/2023 22:00,26.5604905,,
1/23/2023 23:00,27.5565445,,
1/24/2023 0:00,26.65572052,,
1/24/2023 1:00,26.68281391,,
1/24/2023 2:00,27.62996081,,
1/24/2023 3:00,26.2104486,,
1/24/2023 4:00,25.40204569,,
1/24/2023 5:00,25.08634803,,
1/24/2023 6:00,27.26541177,,
1/24/2023 7:00,26.86092865,,
1/24/2023 8:00,27.1122393,,
1/24/2023 9:00,25.63889248,,
1/24/2023 10:00,25.40911443,,
1/24/2023 11:00,25.043634,,
1/24/2023 12:00,26.05176268,,
1/24/2023 13:00,26.76975306,,
1/24/2023 14:00,26.17673214,,
1/24/2023 15:00,26.31242477,,
1/24/2023 16:00,27.71247608,,
1/24/2023 17:00,26.0447664,,
1/24/2023 18:00,26.54196847,,
1/24/2023 19:00,27.35095904,,
1/24/2023 20:00,26.18962835,,
1/24/2023 21:00,26.8662601,,
1/24/2023 22:00,27.58709113,,
1/24/2023 23:00,27.84856187,,
1/25/2023 0:00,25.44122044,,
1/25/2023 1:00,27.77976288,,
1/25/2023 2:00,26.47634888,,
1/25/2023 3:00,25.77473316,,
1/25/2023 4:00,26.37740727,,
1/25/2023 5:00,27.94009773,,
1/25/2023 6:00,26.47785428,,
1/25/2023 7:00,25.98625483,,
1/25/2023 8:00,26.90020256,,
1/25/2023 9:00,25.72043686,,
1/25/2023 10:00,25.22758998,,
1/25/2023 11:00,25.38663917,,
1/25/2023 12:00,25.38413752,,
1/25/2023 13:00,25.45570808,,
1/25/2023 14:00,25.41648152,,
1/25/2023 15:00,26.92262423,,
1/25/2023 16:00,25.54564025,,
1/25/2023 17:00,26.03700185,,
1/25/2023 18:00,27.69036523,,
1/25/2023 19:00,26.42188492,,
1/25/2023 20:00,27.00267322,,
1/25/2023 21:00,25.51695961,,
1/25/2023 22:00,25.57686706,,
1/25/2023 23:00,25.12260585,,
1/26/2023 0:00,25.50680519,,
1/26/2023 1:00,25.83577102,,
1/26/2023 2:00,25.53103145,,
1/26/2023 3:00,25.2661076,,
1/26/2023 4:00,25.36190761,,
1/26/2023 5:00,26.3823363,,
1/26/2023 6:00,25.61900116,,
1/26/2023 7:00,26.09280958,,
1/26/2023 8:00,26.51025181,,
1/26/2023 9:00,27.07118449,,
1/26/2023 10:00,25.11793642,,
1/26/2023 11:00,27.3982312,,
1/26/2023 12:00,26.88370117,,
1/26/2023 13:00,25.2452771,,
1/26/2023 14:00,27.62073587,,
1/26/2023 15:00,27.7626172,,
1/26/2023 16:00,25.18323388,,
1/26/2023 17:00,25.83063294,,
1/26/2023 18:00,27.41860384,,
1/26/2023 19:00,27.24477907,,
1/26/2023 20:00,25.55356306,,
1/26/2023 21:00,25.62804797,,
1/26/2023 22:00,26.11141631,,
1/26/2023 23:00,26.45356896,,
1/27/2023 0:00,26.85476431,,
1/27/2023 1:00,26.10674092,,
1/27/2023 2:00,26.38760415,,
1/27/2023 3:00,27.24241281,,
1/27/2023 4:00,25.11004961,,
1/27/2023 5:00,25.75731083,,
1/27/2023 6:00,27.14004876,,
1/27/2023 7:00,27.68562051,,
1/27/2023 8:00,26.53503233,,
1/27/2023 9:00,26.59634046,,
1/27/2023 10:00,25.32151603,,
1/27/2023 11:00,26.3422371,,
1/27/2023 12:00,26.5978518,,
1/27/2023 13:00,25.72741151,,
1/27/2023 14:00,25.80772969,,
1/27/2023 15:00,26.13185249,,
1/27/2023 16:00,25.06021359,,
1/27/2023 17:00,25.9662375,,
1/27/2023 18:00,25.63434402,,
1/27/2023 19:00,25.98249206,,
1/27/2023 20:00,25.3592864,,
1/27/2023 21:00,27.67158184,,
1/27/2023 22:00,26.78077736,,
1/27/2023 23:00,27.03730696,,
1/28/2023 0:00,27.36751372,,
1/28/2023 1:00,26.4953266,,
1/28/2023 2:00,25.26076086,,
1/28/2023 3:00,26.61131963,,
1/28/2023 4:00,26.76052335,,
1/28/2023 5:00,27.23631842,,
1/28/2023 6:00,26.29497864,,
1/28/2023 7:00,25.38274091,,
1/28/2023 8:00,25.85132772,,
1/28/2023 9:00,26.08924689,,
1/28/2023 10:00,26.93775172,,
1/28/2023 11:00,26.71233491,,
1/28/2023 12:00,26.06829018,,
1/28/2023 13:00,27.95954575,,
1/28/2023 14:00,26.81732446,,
1/28/2023 15:00,25.71168038,,
1/28/2023 16:00,25.30534742,,
1/28/2023 17:00,25.45857742,,
1/28/2023 18:00,25.73787319,,
1/28/2023 19:00,25.48204412,,
1/28/2023 20:00,25.55970107,,
1/28/2023 21:00,25.85528551,,
1/28/2023 22:00,25.52012079,,
1/28/2023 23:00,27.69029627,,
1/29/2023 0:00,25.24070124,,
1/29/2023 1:00,26.57353417,,
1/29/2023 2:00,26.23119048,,
1/29/2023 3:00,27.94713585,,
1/29/2023 4:00,25.33611671,,
1/29/2023 5:00,26.1935668,,
1/29/2023 6:00,27.9084113,,
1/29/2023 7:00,27.59652138,,
1/29/2023 8:00,27.45121621,,
1/29/2023 9:00,25.77370848,,
1/29/2023 10:00,25.51266276,,
1/29/2023 11:00,27.00592966,,
1/29/2023 12:00,27.78812797,,
1/29/2023 13:00,26.67028868,,
1/29/2023 14:00,26.71483807,,
1/29/2023 15:00,25.83993728,,
1/29/2023 16:00,27.3084788,,
1/29/2023 17:00,25.56113125,,
1/29/2023 18:00,25.97103771,,
1/29/2023 19:00,26.27630932,,
1/29/2023 20:00,26.52283114,,
1/29/2023 21:00,25.7272292,,
1/29/2023 22:00,25.34451047,,
1/29/2023 23:00,26.83186013,,
1/30/2023 0:00,25.86589166,,
1/30/2023 1:00,26.74371466,,
1/30/2023 2:00,25.46308815,,
1/30/2023 3:00,26.44342031,,
1/30/2023 4:00,26.5977683,,
1/30/2023 5:00,25.15547061,,
1/30/2023 6:00,26.00981283,,
1/30/2023 7:00,25.40324403,,
1/30/2023 8:00,25.19012491,,
1/30/2023 9:00,27.9698807,,
1/30/2023 10:00,25.96706153,,
1/30/2023 11:00,27.42962334,,
1/30/2023 12:00,25.76392196,,
1/30/2023 13:00,27.04450817,,
1/30/2023 14:00,27.28068358,,
1/30/2023 15:00,26.78691622,,
1/30/2023 16:00,26.41472857,,
1/30/2023 17:00,26.23552274,,
1/30/2023 18:00,26.0466048,,
1/30/2023 19:00,27.78858743,,
1/30/2023 20:00,27.49185822,,
1/30/2023 21:00,27.89508073,,
1/30/2023 22:00,25.37289167,,
1/30/2023 23:00,27.19260243,,
1/31/2023 0:00,27.81502137,,
1/31/2023 1:00,25.5436992,,
1/31/2023 2:00,25.1994888,,
1/31/2023 3:00,27.22336195,,
1/31/2023 4:00,26.72341934,,
1/31/2023 5:00,27.52548633,,
1/31/2023 6:00,25.41931713,,
1/31/2023 7:00,27.38580194,,
1/31/2023 8:00,25.60488196,,
1/31/2023 9:00,25.49096783,,
1/31/2023 10:00,25.49279739,,
1/31/2023 11:00,27.44372416,,
1/31/2023 12:00,26.99559166,,
1/31/2023 13:00,26.56919627,,
1/31/2023 14:00,26.07649145,,
1/31/2023 15:00,27.63160162,,
1/31/2023 16:00,26.17733532,,
1/31/2023 17:00,27.44979832,,
1/31/2023 18:00,26.31740473,,
1/31/2023 19:00,26.13083329,,
1/31/2023 20:00,26.38803936,,
1/31/2023 21:00,25.90413362,,
1/31/2023 22:00,27.24282814,,
1/31/2023 23:00,26.50816117,,
2/1/2023 0:00,25.69663809,,
2/1/2023 1:00,27.69872372,,
2/1/2023 2:00,26.15167366,,
2/1/2023 3:00,26.63065858,,
2/1/2023 4:00,27.71941633,,
2/1/2023 5:00,26.87271399,,
2/1/2023 6:00,25.35069412,,
2/1/2023 7:00,27.81949637,,
2/1/2023 8:00,26.88312416,,
2/1/2023 9:00,26.00471684,,
2/1/2023 10:00,25.41781622,,
2/1/2023 11:00,27.38207557,,
2/1/2023 12:00,26.86021827,,
2/1/2023 13:00,26.60038328,,
2/1/2023 14:00,27.68167775,,
2/1/2023 15:00,27.36579163,,
2/1/2023 16:00,25.45502464,,
2/1/2023 17:00,25.9351662,,
2/1/2023 18:00,25.74546742,,
2/1/2023 19:00,27.23183888,,
2/1/2023 20:00,25.1005973,,
2/1/2023 21:00,26.70966905,,
2/1/2023 22:00,27.28737606,,
2/1/2023 23:00,27.63029691,,
2/2/2023 0:00,26.02624525,,
2/2/2023 1:00,27.46377191,,
2/2/2023 2:00,25.33189521,,
2/2/2023 3:00,27.53935688,,
2/2/2023 4:00,25.38246599,,
2/2/2023 5:00,26.19186187,,
2/2/2023 6:00,27.3918861,,
2/2/2023 7:00,25.44975228,,
2/2/2023 8:00,25.68775419,,
2/2/2023 9:00,27.16675771,,
2/2/2023 10:00,27.16010961,,
2/2/2023 11:00,26.9234429,,
2/2/2023 12:00,27.08184533,,
2/2/2023 13:00,26.62817333,,
2/2/2023 14:00,25.75539718,,
2/2/2023 15:00,26.03708798,,
2/2/2023 16:00,25.54479315,,
2/2/2023 17:00,27.72535168,,
2/2/2023 18:00,26.75017538,,
2/2/2023 19:00,26.20255425,,
2/2/2023 20:00,26.38601741,,
2/2/2023 21:00,27.84185002,,
2/2/2023 22:00,25.46005421,,
2/2/2023 23:00,26.7586895,,
2/3/2023 0:00,26.51766604,,
2/3/2023 1:00,26.83436271,,
2/3/2023 2:00,25.05433055,,
2/3/2023 3:00,27.61637173,,
2/3/2023 4:00,27.79635485,,
2/3/2023 5:00,26.69539955,,
2/3/2023 6:00,27.08995247,,
2/3/2023 7:00,27.76749814,,
2/3/2023 8:00,27.1217159,,
2/3/2023 9:00,25.45761713,,
2/3/2023 10:00,26.72886508,,
2/3/2023 11:00,26.82014514,,
2/3/2023 12:00,26.27239201,,
2/3/2023 13:00,27.20933271,,
2/3/2023 14:00,27.80310104,,
2/3/2023 15:00,27.77670554,,
2/3/2023 16:00,26.35251811,,
2/3/2023 17:00,25.33971414,,
2/3/2023 18:00,27.9545236,,
2/3/2023 19:00,27.51669426,,
2/3/2023 20:00,25.37398804,,
2/3/2023 21:00,27.76252565,,
2/3/2023 22:00,27.60968909,,
2/3/2023 23:00,26.55651417,,
2/4/2023 0:00,26.77382631,,
2/4/2023 1:00,26.19700811,,
2/4/2023 2:00,25.16428492,,
2/4/2023 3:00,26.00559172,,
2/4/2023 4:00,27.40856035,,
2/4/2023 5:00,25.01389607,,
2/4/2023 6:00,26.00049752,,
2/4/2023 7:00,26.19450608,,
2/4/2023 8:00,26.61218681,,
2/4/2023 9:00,27.75956685,,
2/4/2023 10:00,26.03903798,,
2/4/2023 11:00,26.04085961,,
2/4/2023 12:00,27.21250374,,
2/4/2023 13:00,26.35665382,,
2/4/2023 14:00,25.67381447,,
2/4/2023 15:00,26.35731855,,
2/4/2023 16:00,25.42257106,,
2/4/2023 17:00,25.52916096,,
2/4/2023 18:00,26.49510332,,
2/4/2023 19:00,26.25677635,,
2/4/2023 20:00,27.7445377,,
2/4/2023 21:00,26.0871817,,
2/4/2023 22:00,26.74176505,,
2/4/2023 23:00,26.89679286,,
2/5/2023 0:00,25.03928337,,
2/5/2023 1:00,26.99061212,,
2/5/2023 2:00,25.5341079,,
2/5/2023 3:00,27.88321095,,
2/5/2023 4:00,25.44598818,,
2/5/2023 5:00,26.24387237,,
2/5/2023 6:00,25.256049,,
2/5/2023 7:00,27.99062276,,
2/5/2023 8:00,26.50658503,,
2/5/2023 9:00,26.78615505,,
2/5/2023 10:00,25.20122943,,
2/5/2023 11:00,27.24988141,,
2/5/2023 12:00,25.62971678,,
2/5/2023 13:00,27.69416287,,
2/5/2023 14:00,25.61541892,,
2/5/2023 15:00,25.57206316,,
2/5/2023 16:00,25.109649,,
2/5/2023 17:00,26.41620084,,
2/5/2023 18:00,26.6945234,,
2/5/2023 19:00,25.19712592,,
2/5/2023 20:00,27.32658285,,
2/5/2023 21:00,26.3598665,,
2/5/2023 22:00,26.57317081,,
2/5/2023 23:00,26.32228824,,
2/6/2023 0:00,26.20228918,,
2/6/2023 1:00,26.67892099,,
2/6/2023 2:00,25.46572074,,
2/6/2023 3:00,25.54578439,,
2/6/2023 4:00,27.58535686,,
2/6/2023 5:00,27.83834639,,
2/6/2023 6:00,26.11992795,,
2/6/2023 7:00,25.81223402,,
2/6/2023 8:00,26.93199863,,
2/6/2023 9:00,26.22620251,,
2/6/2023 10:00,25.07615907,,
2/6/2023 11:00,25.46845779,,
2/6/2023 12:00,27.14791669,,
2/6/2023 13:00,26.97677183,,
2/6/2023 14:00,25.08128798,,
2/6/2023 15:00,25.66591649,,
2/6/2023 16:00,25.69322439,,
2/6/2023 17:00,27.01567823,,
2/6/2023 18:00,25.05913161,,
2/6/2023 19:00,25.31232575,,
2/6/2023 20:00,27.39974826,,
2/6/2023 21:00,25.53563399,,
2/6/2023 22:00,26.95823832,,
2/6/2023 23:00,25.71454834,,
2/7/2023 0:00,25.29832418,,
2/7/2023 1:00,25.72951657,,
2/7/2023 2:00,27.1668008,,
2/7/2023 3:00,27.5670894,,
2/7/2023 4:00,27.49065959,,
2/7/2023 5:00,26.19155059,,
2/7/2023 6:00,27.00425541,,
2/7/2023 7:00,25.61495289,,
2/7/2023 8:00,25.87944319,,
2/7/2023 9:00,27.68900746,,
2/7/2023 10:00,25.03900577,,
2/7/2023 11:00,25.25652559,,
2/7/2023 12:00,25.62365877,,
2/7/2023 13:00,25.07959661,,
2/7/2023 14:00,25.54430631,,
2/7/2023 15:00,26.74912468,,
2/7/2023 16:00,26.26427365,,
2/7/2023 17:00,27.67801513,,
2/7/2023 18:00,27.45233069,,
2/7/2023 19:00,26.02545206,,
2/7/2023 20:00,25.7782703,,
2/7/2023 21:00,26.13907722,,
2/7/2023 22:00,26.77088483,,
2/7/2023 23:00,25.80419092,,
2/8/2023 0:00,26.87244672,,
2/8/2023 1:00,26.22823496,,
2/8/2023 2:00,26.65614154,,
2/8/2023 3:00,26.30837959,,
2/8/2023 4:00,25.88339728,,
2/8/2023 5:00,27.84535992,,
2/8/2023 6:00,27.29081738,,
2/8/2023 7:00,25.42033953,,
2/8/2023 8:00,27.60540393,,
2/8/2023 9:00,26.46229359,,
2/8/2023 10:00,27.68365668,,
2/8/2023 11:00,27.39956577,,
2/8/2023 12:00,26.27564051,,
2/8/2023 13:00,25.06740792,,
2/8/2023 14:00,25.80603208,,
2/8/2023 15:00,26.62490264,,
2/8/2023 16:00,26.90043466,,
2/8/2023 17:00,25.77366306,,
2/8/2023 18:00,25.41806822,,
2/8/2023 19:00,27.50479071,,
2/8/2023 20:00,27.95320654,,
2/8/2023 21:00,26.57707055,,
2/8/2023 22:00,25.51503786,,
2/8/2023 23:00,25.81692198,,
2/9/2023 0:00,25.05517203,,
2/9/2023 1:00,27.74289642,,
2/9/2023 2:00,25.35325325,,
2/9/2023 3:00,26.72954943,,
2/9/2023 4:00,25.82216566,,
2/9/2023 5:00,26.66253401,,
2/9/2023 6:00,26.95426117,,
2/9/2023 7:00,27.48922541,,
2/9/2023 8:00,25.61926382,,
2/9/2023 9:00,25.03298749,,
2/9/2023 10:00,25.41065689,,
2/9/2023 11:00,27.70005593,,
2/9/2023 12:00,27.62167023,,
2/9/2023 13:00,26.79223931,,
2/9/2023 14:00,26.80155058,,
2/9/2023 15:00,26.99511002,,
2/9/2023 16:00,25.52611384,,
2/9/2023 17:00,27.74323584,,
2/9/2023 18:00,26.25631157,,
2/9/2023 19:00,26.14941558,,
2/9/2023 20:00,26.55675312,,
2/9/2023 21:00,25.1408979,,
2/9/2023 22:00,25.49885011,,
2/9/2023 23:00,27.21410085,,
2/10/2023 0:00,25.248396,,
2/10/2023 1:00,26.80945633,,
2/10/2023 2:00,25.73604733,,
2/10/2023 3:00,26.16788684,,
2/10/2023 4:00,25.86608121,,
2/10/2023 5:00,26.06701815,,
2/10/2023 6:00,27.15713772,,
2/10/2023 7:00,25.89136515,,
2/10/2023 8:00,26.69921392,,
2/10/2023 9:00,26.42815121,,
2/10/2023 10:00,26.9910135,,
2/10/2023 11:00,27.81048922,,
2/10/2023 12:00,27.19771629,,
2/10/2023 13:00,25.64482114,,
2/10/2023 14:00,25.09354941,,
2/10/2023 15:00,25.78679213,,
2/10/2023 16:00,26.78523379,,
2/10/2023 17:00,25.15427744,,
2/10/2023 18:00,26.48909874,,
2/10/2023 19:00,26.79052855,,
2/10/2023 20:00,26.00273167,,
2/10/2023 21:00,27.31273661,,
2/10/2023 22:00,25.31979476,,
2/10/2023 23:00,25.22541335,,
2/11/2023 0:00,27.18456627,,
2/11/2023 1:00,26.48647395,,
2/11/2023 2:00,27.06520719,,
2/11/2023 3:00,26.30448202,,
2/11/2023 4:00,25.7392061,,
2/11/2023 5:00,27.45730695,,
2/11/2023 6:00,27.39824764,,
2/11/2023 7:00,27.08408941,,
2/11/2023 8:00,25.81643541,,
2/11/2023 9:00,26.770692,,
2/11/2023 10:00,26.08292169,,
2/11/2023 11:00,25.27474622,,
2/11/2023 12:00,27.75194073,,
2/11/2023 13:00,25.41045589,,
2/11/2023 14:00,27.85071206,,
2/11/2023 15:00,26.33801732,,
2/11/2023 16:00,25.55539879,,
2/11/2023 17:00,26.62570284,,
2/11/2023 18:00,27.61883751,,
2/11/2023 19:00,27.19667466,,
2/11/2023 20:00,27.41968344,,
2/11/2023 21:00,26.9763501,,
2/11/2023 22:00,27.07682969,,
2/11/2023 23:00,27.54758695,,
2/12/2023 0:00,25.74900403,,
2/12/2023 1:00,26.46827489,,
2/12/2023 2:00,25.66362833,,
2/12/2023 3:00,27.96300402,,
2/12/2023 4:00,27.83217802,,
2/12/2023 5:00,25.11828043,,
2/12/2023 6:00,27.11672552,,
2/12/2023 7:00,27.77574495,,
2/12/2023 8:00,25.54172604,,
2/12/2023 9:00,26.70383569,,
2/12/2023 10:00,27.74646489,,
2/12/2023 11:00,25.10183794,,
2/12/2023 12:00,27.0922608,,
2/12/2023 13:00,25.89204702,,
2/12/2023 14:00,27.77318859,,
2/12/2023 15:00,27.91317474,,
2/12/2023 16:00,27.83279947,,
2/12/2023 17:00,26.42264265,,
2/12/2023 18:00,27.58612795,,
2/12/2023 19:00,27.5336482,,
2/12/2023 20:00,25.95730142,,
2/12/2023 21:00,27.48674642,,
2/12/2023 22:00,25.1110229,,
2/12/2023 23:00,26.78880964,,
2/13/2023 0:00,25.69002651,,
2/13/2023 1:00,25.36170066,,
2/13/2023 2:00,25.2308596,,
2/13/2023 3:00,27.08886633,,
2/13/2023 4:00,26.01962489,,
2/13/2023 5:00,27.17430031,,
2/13/2023 6:00,25.19606902,,
2/13/2023 7:00,25.94587101,,
2/13/2023 8:00,26.61847388,,
2/13/2023 9:00,27.37216949,,
2/13/2023 10:00,25.95625751,,
2/13/2023 11:00,26.87767413,,
2/13/2023 12:00,27.65793324,,
2/13/2023 13:00,26.84758956,,
2/13/2023 14:00,25.69887842,,
2/13/2023 15:00,25.07320234,,
2/13/2023 16:00,27.61029662,,
2/13/2023 17:00,25.06380823,,
2/13/2023 18:00,27.62410502,,
2/13/2023 19:00,26.5868114,,
2/13/2023 20:00,27.8172031,,
2/13/2023 21:00,27.39634971,,
2/13/2023 22:00,27.99380233,,
2/13/2023 23:00,26.05213545,,
2/14/2023 0:00,27.30156487,,
2/14/2023 1:00,26.20579274,,
2/14/2023 2:00,26.43962686,,
2/14/2023 3:00,26.88251639,,
2/14/2023 4:00,27.62103134,,
2/14/2023 5:00,27.95225041,,
2/14/2023 6:00,27.30482024,,
2/14/2023 7:00,26.25330035,,
2/14/2023 8:00,26.26407101,,
2/14/2023 9:00,27.2127469,,
2/14/2023 10:00,25.71633144,,
2/14/2023 11:00,25.33142234,,
2/14/2023 12:00,26.06386647,,
2/14/2023 13:00,25.86171697,,
2/14/2023 14:00,25.88892436,,
2/14/2023 15:00,25.70082325,,
2/14/2023 16:00,25.12627957,,
2/14/2023 17:00,25.0536218,,
2/14/2023 18:00,27.96316717,,
2/14/2023 19:00,26.2833194,,
2/14/2023 20:00,26.15297994,,
2/14/2023 21:00,27.03894185,,
2/14/2023 22:00,25.65476166,,
2/14/2023 23:00,27.84988355,,
2/15/2023 0:00,27.35903504,,
2/15/2023 1:00,25.26823301,,
2/15/2023 2:00,26.25274233,,
2/15/2023 3:00,27.63735492,,
2/15/2023 4:00,27.83419607,,
2/15/2023 5:00,26.40220453,,
2/15/2023 6:00,26.84023417,,
2/15/2023 7:00,25.50110184,,
2/15/2023 8:00,27.97350588,,
2/15/2023 9:00,25.6950151,,
2/15/2023 10:00,27.82819532,,
2/15/2023 11:00,26.94893995,,
2/15/2023 12:00,26.82321038,,
2/15/2023 13:00,26.53806553,,
2/15/2023 14:00,25.69200944,,
2/15/2023 15:00,25.5295841,,
2/15/2023 16:00,25.66145863,,
2/15/2023 17:00,25.55931479,,
2/15/2023 18:00,27.33875342,,
2/15/2023 19:00,26.05037578,,
2/15/2023 20:00,25.17352803,,
2/15/2023 21:00,27.90730789,,
2/15/2023 22:00,27.65135765,,
2/15/2023 23:00,27.78325685,,
2/16/2023 0:00,27.98472347,,
2/16/2023 1:00,25.52168575,,
2/16/2023 2:00,26.18872606,,
2/16/2023 3:00,27.27471543,,
2/16/2023 4:00,27.08806185,,
2/16/2023 5:00,25.46168772,,
2/16/2023 6:00,27.44749937,,
2/16/2023 7:00,25.67332172,,
2/16/2023 8:00,25.67145284,,
2/16/2023 9:00,26.61092327,,
2/16/2023 10:00,26.7788198,,
2/16/2023 11:00,26.74025862,,
2/16/2023 12:00,25.27446051,,
2/16/2023 13:00,27.63238259,,
2/16/2023 14:00,25.79680013,,
2/16/2023 15:00,25.38854476,,
2/16/2023 16:00,27.66624424,,
2/16/2023 17:00,27.86695449,,
2/16/2023 18:00,27.58638285,,
2/16/2023 19:00,27.42854822,,
2/16/2023 20:00,26.96572594,,
2/16/2023 21:00,26.65257211,,
2/16/2023 22:00,25.26096028,,
2/16/2023 23:00,26.22535964,,
2/17/2023 0:00,26.11806555,,
2/17/2023 1:00,25.77926135,,
2/17/2023 2:00,27.17026034,,
2/17/2023 3:00,26.48762721,,
2/17/2023 4:00,25.24313865,,
2/17/2023 5:00,25.66054961,,
2/17/2023 6:00,27.04977629,,
2/17/2023 7:00,25.22839258,,
2/17/2023 8:00,27.55362074,,
2/17/2023 9:00,26.48543958,,
2/17/2023 10:00,26.44175973,,
2/17/2023 11:00,26.77722335,,
2/17/2023 12:00,27.4740429,,
2/17/2023 13:00,26.04342762,,
2/17/2023 14:00,27.03404846,,
2/17/2023 15:00,26.69719589,,
2/17/2023 16:00,25.80108481,,
2/17/2023 17:00,27.63588996,,
2/17/2023 18:00,27.39227806,,
2/17/2023 19:00,26.9753555,,
2/17/2023 20:00,27.55174519,,
2/17/2023 21:00,27.6018826,,
2/17/2023 22:00,27.12508893,,
2/17/2023 23:00,27.51103999,,
2/18/2023 0:00,27.09241439,,
2/18/2023 1:00,27.04042232,,
2/18/2023 2:00,26.85583413,,
2/18/2023 3:00,27.25814992,,
2/18/2023 4:00,25.47581532,,
2/18/2023 5:00,27.64261228,,
2/18/2023 6:00,27.61553058,,
2/18/2023 7:00,25.08774185,,
2/18/2023 8:00,27.47745025,,
2/18/2023 9:00,25.3866096,,
2/18/2023 10:00,26.00535656,,
2/18/2023 11:00,27.23052477,,
2/18/2023 12:00,25.48227969,,
2/18/2023 13:00,27.45390107,,
2/18/2023 14:00,27.49640253,,
2/18/2023 15:00,26.5224032,,
2/18/2023 16:00,25.01915762,,
2/18/2023 17:00,25.8611144,,
2/18/2023 18:00,26.85078076,,
2/18/2023 19:00,27.94355853,,
2/18/2023 20:00,26.89544058,,
2/18/2023 21:00,25.77941074,,
2/18/2023 22:00,26.90201711,,
2/18/2023 23:00,26.61995614,,
2/19/2023 0:00,27.33953619,,
2/19/2023 1:00,25.32094192,,
2/19/2023 2:00,27.28308371,,
2/19/2023 3:00,26.62379974,,
2/19/2023 4:00,27.88897601,,
2/19/2023 5:00,26.0256165,,
2/19/2023 6:00,26.89786568,,
2/19/2023 7:00,27.79608432,,
2/19/2023 8:00,25.30752918,,
2/19/2023 9:00,27.81168546,,
2/19/2023 10:00,27.06365717,,
2/19/2023 11:00,25.20351118,,
2/19/2023 12:00,25.9028907,,
2/19/2023 13:00,27.12451627,,
2/19/2023 14:00,25.2020518,,
2/19/2023 15:00,26.74651138,,
2/19/2023 16:00,26.03764917,,
2/19/2023 17:00,26.86274655,,
2/19/2023 18:00,25.1372261,,
2/19/2023 19:00,27.61461042,,
2/19/2023 20:00,27.92046691,,
2/19/2023 21:00,27.90663357,,
2/19/2023 22:00,27.2489555,,
2/19/2023 23:00,25.39025872,,
2/20/2023 0:00,27.27478959,,
2/20/2023 1:00,25.07376075,,
2/20/2023 2:00,25.06637065,,
2/20/2023 3:00,25.97083066,,
2/20/2023 4:00,26.46592957,,
2/20/2023 5:00,27.31122225,,
2/20/2023 6:00,27.04988613,,
2/20/2023 7:00,26.33770812,,
2/20/2023 8:00,25.82088,,
2/20/2023 9:00,27.9913735,,
2/20/2023 10:00,26.27854391,,
2/20/2023 11:00,26.35416107,,
2/20/2023 12:00,25.49087146,,
2/20/2023 13:00,27.38442865,,
2/20/2023 14:00,27.08104668,,
2/20/2023 15:00,25.66230884,,
2/20/2023 16:00,25.24714314,,
2/20/2023 17:00,27.04149791,,
2/20/2023 18:00,26.96353364,,
2/20/2023 19:00,25.81977858,,
2/20/2023 20:00,27.85259069,,
2/20/2023 21:00,25.45317368,,
2/20/2023 22:00,26.2970044,,
2/20/2023 23:00,27.83084776,,
2/21/2023 0:00,26.25918195,,
2/21/2023 1:00,26.91557784,,
2/21/2023 2:00,26.19278319,,
2/21/2023 3:00,25.82264561,,
2/21/2023 4:00,27.95193294,,
2/21/2023 5:00,26.22800202,,
2/21/2023 6:00,27.68229761,,
2/21/2023 7:00,25.68986382,,
2/21/2023 8:00,25.63931411,,
2/21/2023 9:00,25.09340225,,
2/21/2023 10:00,26.95500048,,
2/21/2023 11:00,26.10557903,,
2/21/2023 12:00,27.59307475,,
2/21/2023 13:00,26.41962972,,
2/21/2023 14:00,27.90458028,,
2/21/2023 15:00,25.55657655,,
2/21/2023 16:00,27.6058695,,
2/21/2023 17:00,27.32979056,,
2/21/2023 18:00,27.31276553,,
2/21/2023 19:00,27.53434968,,
2/21/2023 20:00,27.28307197,,
2/21/2023 21:00,26.87866096,,
2/21/2023 22:00,25.39373463,,
2/21/2023 23:00,25.09757854,,
2/22/2023 0:00,27.76254354,,
2/22/2023 1:00,26.84995094,,
2/22/2023 2:00,27.38961187,,
2/22/2023 3:00,26.44456705,,
2/22/2023 4:00,25.35192457,,
2/22/2023 5:00,25.37555738,,
2/22/2023 6:00,27.05669586,,
2/22/2023 7:00,26.29091768,,
2/22/2023 8:00,25.60157418,,
2/22/2023 9:00,26.47478364,,
2/22/2023 10:00,25.19262681,,
2/22/2023 11:00,26.74591421,,
2/22/2023 12:00,25.80698021,,
2/22/2023 13:00,27.3926773,,
2/22/2023 14:00,25.93108588,,
2/22/2023 15:00,26.36566045,,
2/22/2023 16:00,25.03486162,,
2/22/2023 17:00,25.21734066,,
2/22/2023 18:00,26.17748067,,
2/22/2023 19:00,26.4398165,,
2/22/2023 20:00,26.80006164,,
2/22/2023 21:00,25.87498774,,
2/22/2023 22:00,27.08494566,,
2/22/2023 23:00,27.58036719,,
2/23/2023 0:00,27.33955297,,
2/23/2023 1:00,25.11885648,,
2/23/2023 2:00,26.44152084,,
2/23/2023 3:00,25.31479054,,
2/23/2023 4:00,25.72613505,,
2/23/2023 5:00,27.95998778,,
2/23/2023 6:00,25.42748663,,
2/23/2023 7:00,26.49666446,,
2/23/2023 8:00,26.8544672,,
2/23/2023 9:00,27.10739491,,
2/23/2023 10:00,26.67894605,,
2/23/2023 11:00,25.02931254,,
2/23/2023 12:00,25.97938392,,
2/23/2023 13:00,26.55313493,,
2/23/2023 14:00,25.2635995,,
2/23/2023 15:00,26.05188079,,
2/23/2023 16:00,25.09960933,,
2/23/2023 17:00,25.23573549,,
2/23/2023 18:00,26.19076983,,
2/23/2023 19:00,25.39814726,,
2/23/2023 20:00,26.70262254,,
2/23/2023 21:00,27.06839491,,
2/23/2023 22:00,27.4017601,,
2/23/2023 23:00,25.60045073,,
2/24/2023 0:00,25.50244775,,
2/24/2023 1:00,25.31370352,,
2/24/2023 2:00,26.90929075,,
2/24/2023 3:00,27.11942718,,
2/24/2023 4:00,25.09475843,,
2/24/2023 5:00,27.80863674,,
2/24/2023 6:00,25.15591385,,
2/24/2023 7:00,26.62388901,,
2/24/2023 8:00,27.12718156,,
2/24/2023 9:00,27.61290737,,
2/24/2023 10:00,27.1422608,,
2/24/2023 11:00,27.40518425,,
2/24/2023 12:00,26.01835058,,
2/24/2023 13:00,27.44447534,,
2/24/2023 14:00,25.24034454,,
2/24/2023 15:00,27.68444997,,
2/24/2023 16:00,26.64277713,,
2/24/2023 17:00,27.45189331,,
2/24/2023 18:00,26.35695485,,
2/24/2023 19:00,26.93073309,,
2/24/2023 20:00,26.57920798,,
2/24/2023 21:00,27.19476857,,
2/24/2023 22:00,25.24488995,,
2/24/2023 23:00,25.18105625,,
2/25/2023 0:00,25.7413097,,
2/25/2023 1:00,25.47863404,,
2/25/2023 2:00,27.6153507,,
2/25/2023 3:00,25.65764196,,
2/25/2023 4:00,27.92759577,,
2/25/2023 5:00,26.01068738,,
2/25/2023 6:00,25.54635375,,
2/25/2023 7:00,27.36909552,,
2/25/2023 8:00,26.97612333,,
2/25/2023 9:00,26.49458715,,
2/25/2023 10:00,26.66609065,,
2/25/2023 11:00,27.15760533,,
2/25/2023 12:00,25.68536422,,
2/25/2023 13:00,27.98900175,,
2/25/2023 14:00,27.92437949,,
2/25/2023 15:00,26.95097706,,
2/25/2023 16:00,25.59862735,,
2/25/2023 17:00,27.04068473,,
2/25/2023 18:00,25.21659523,,
2/25/2023 19:00,25.09195751,,
2/25/2023 20:00,25.77304867,,
2/25/2023 21:00,26.38786887,,
2/25/2023 22:00,27.60481752,,
2/25/2023 23:00,27.18150721,,
2/26/2023 0:00,27.22811956,,
2/26/2023 1:00,26.27648,,
2/26/2023 2:00,26.03780498,,
2/26/2023 3:00,26.11311629,,
2/26/2023 4:00,27.96294869,,
2/26/2023 5:00,25.12032757,,
2/26/2023 6:00,27.60109449,,
2/26/2023 7:00,26.73602623,,
2/26/2023 8:00,26.31584626,,
2/26/2023 9:00,27.17577298,,
2/26/2023 10:00,26.46000682,,
2/26/2023 11:00,27.62026971,,
2/26/2023 12:00,27.70210559,,
2/26/2023 13:00,26.26516278,,
2/26/2023 14:00,25.83048339,,
2/26/2023 15:00,26.77705099,,
2/26/2023 16:00,27.73709004,,
2/26/2023 17:00,25.63198657,,
2/26/2023 18:00,26.86889975,,
2/26/2023 19:00,26.89468066,,
2/26/2023 20:00,27.19933907,,
2/26/2023 21:00,25.39470306,,
2/26/2023 22:00,27.14747489,,
2/26/2023 23:00,27.72709756,,
2/27/2023 0:00,25.53904933,,
2/27/2023 1:00,25.71262997,,
2/27/2023 2:00,27.91418528,,
2/27/2023 3:00,25.54293086,,
2/27/2023 4:00,27.56315528,,
2/27/2023 5:00,26.47683357,,
2/27/2023 6:00,25.74169322,,
2/27/2023 7:00,27.6122497,,
2/27/2023 8:00,26.33591577,,
2/27/2023 9:00,26.54445206,,
2/27/2023 10:00,26.07770011,,
2/27/2023 11:00,26.77885255,,
2/27/2023 12:00,25.49057162,,
2/27/2023 13:00,26.17324461,,
2/27/2023 14:00,27.90823697,,
2/27/2023 15:00,25.7744003,,
2/27/2023 16:00,26.97020999,,
2/27/2023 17:00,25.97557019,,
2/27/2023 18:00,27.32041938,,
2/27/2023 19:00,25.39262098,,
2/27/2023 20:00,27.90946314,,
2/27/2023 21:00,26.36136862,,
2/27/2023 22:00,25.70815139,,
2/27/2023 23:00,25.22049024,,
2/28/2023 0:00,25.50927372,,
2/28/2023 1:00,26.55932185,,
2/28/2023 2:00,26.01100953,,
2/28/2023 3:00,27.4866501,,
2/28/2023 4:00,26.29266257,,
2/28/2023 5:00,25.74614282,,
2/28/2023 6:00,26.85143496,,
2/28/2023 7:00,27.12033165,,
2/28/2023 8:00,25.50112572,,
2/28/2023 9:00,25.50285765,,
2/28/2023 10:00,25.11001428,,
2/28/2023 11:00,27.20920605,,
2/28/2023 12:00,26.99141358,,
2/28/2023 13:00,26.42389263,,
2/28/2023 14:00,27.53251135,,
2/28/2023 15:00,27.41701046,,
2/28/2023 16:00,26.75606309,,
2/28/2023 17:00,27.60481384,,
2/28/2023 18:00,25.61752363,,
2/28/2023 19:00,25.33575886,,
2/28/2023 20:00,25.80924883,,
2/28/2023 21:00,25.17126057,,
2/28/2023 22:00,26.59350858,,
2/28/2023 23:00,27.80981708,,
3/1/2023 0:00,25.11803062,,
3/1/2023 1:00,25.36632974,,
3/1/2023 2:00,26.35659708,,
3/1/2023 3:00,27.80162505,,
3/1/2023 4:00,25.94846831,,
3/1/2023 5:00,26.52170443,,
3/1/2023 6:00,25.12471858,,
3/1/2023 7:00,25.4450296,,
3/1/2023 8:00,27.95989037,,
3/1/2023 9:00,27.89535609,,
3/1/2023 10:00,25.01481994,,
3/1/2023 11:00,27.85543536,,
3/1/2023 12:00,26.91735981,,
3/1/2023 13:00,27.60375488,,
3/1/2023 14:00,26.36421957,,
3/1/2023 15:00,26.54678809,,
3/1/2023 16:00,26.46653974,,
3/1/2023 17:00,27.00059277,,
3/1/2023 18:00,25.41895376,,
3/1/2023 19:00,25.08992077,,
3/1/2023 20:00,25.92378982,,
3/1/2023 21:00,27.11404229,,
3/1/2023 22:00,25.60556036,,
3/1/2023 23:00,27.0202973,,
3/2/2023 0:00,27.90973614,,
3/2/2023 1:00,25.28170215,,
3/2/2023 2:00,27.01780635,,
3/2/2023 3:00,26.33125066,,
3/2/2023 4:00,27.60442676,,
3/2/2023 5:00,25.53144937,,
3/2/2023 6:00,27.07787786,,
3/2/2023 7:00,27.51434587,,
3/2/2023 8:00,27.83384266,,
3/2/2023 9:00,27.04974408,,
3/2/2023 10:00,26.49152429,,
3/2/2023 11:00,26.85354172,,
3/2/2023 12:00,27.60671495,,
3/2/2023 13:00,26.71182924,,
3/2/2023 14:00,25.09116118,,
3/2/2023 15:00,27.79284609,,
3/2/2023 16:00,27.06858025,,
3/2/2023 17:00,27.02954016,,
3/2/2023 18:00,25.64702546,,
3/2/2023 19:00,26.97665641,,
3/2/2023 20:00,26.18159322,,
3/2/2023 21:00,26.95369893,,
3/2/2023 22:00,25.31977909,,
3/2/2023 23:00,26.97353591,,
3/3/2023 0:00,27.99824118,,
3/3/2023 1:00,25.14463612,,
3/3/2023 2:00,27.93152255,,
3/3/2023 3:00,26.22072388,,
3/3/2023 4:00,27.61226035,,
3/3/2023 5:00,27.34715645,,
3/3/2023 6:00,26.70104878,,
3/3/2023 7:00,27.21534763,,
3/3/2023 8:00,27.63554668,,
3/3/2023 9:00,26.21242096,,
3/3/2023 10:00,25.98109948,,
3/3/2023 11:00,27.00278016,,
3/3/2023 12:00,27.42353783,,
3/3/2023 13:00,27.2868554,,
3/3/2023 14:00,27.39344095,,
3/3/2023 15:00,26.30674994,,
3/3/2023 16:00,27.45350265,,
3/3/2023 17:00,25.36062717,,
3/3/2023 18:00,26.63346729,,
3/3/2023 19:00,25.01727598,,
3/3/2023 20:00,25.97375749,,
3/3/2023 21:00,26.0993846,,
3/3/2023 22:00,26.18851807,,
3/3/2023 23:00,27.08640162,,
3/4/2023 0:00,26.1656743,,
3/4/2023 1:00,26.34608087,,
3/4/2023 2:00,25.71263239,,
3/4/2023 3:00,26.11975537,,
3/4/2023 4:00,25.68180888,,
3/4/2023 5:00,25.21958777,,
3/4/2023 6:00,26.81034578,,
3/4/2023 7:00,27.0046384,,
3/4/2023 8:00,26.85847104,,
3/4/2023 9:00,26.39048213,,
3/4/2023 10:00,26.13935734,,
3/4/2023 11:00,27.59000095,,
,24.58455526,0,
,26.06310944,1,
,24.89985929,2,
,26.29692129,3,
,25.79442554,4,
,25.86398026,5,
,25.10981578,6,
,26.93149947,7,
,26.37653981,8,
,26.11199757,9,
,27.00158659,10,
,27.27451546,11,
,27.81098857,12,
,26.87733214,13,
,28.05937006,14,
,27.65361648,15,
,28.22520535,16,
,28.13169985,17,
,27.16515538,18,
,27.38990398,19,
,29.08673496,20,
,29.14898916,21,
,28.12443079,22,
,28.17627545,23,
,29.86457351,24,
,28.31277503,25,
,29.17848466,26,
,29.3820836,27,
,30.69513165,28,
,30.83820695,29,
,30.18263973,30,
,29.61060048,31,
,29.99578718,32,
,31.24005851,33,
,30.2685247,34,
,30.37627394,35,
,30.76879905,36,
,31.94657108,37,
,32.35423561,38,
,31.93191646,39,
,31.75411067,40,
,32.83001882,41,
,32.60792285,42,
,33.13673139,43,
,32.4166896,44,
,33.24124382,45,
,32.63094917,46,
,33.65879125,47,
,34.17783945,48,
,33.34579366,49,
,32.59950939,50,
,33.38662956,51,
,34.80200779,52,
,34.77117596,53,
,34.0610744,54,
,35.34281915,55,
,34.13289535,56,
,33.81246093,57,
,35.46317705,58,
,35.78048535,59,
,35.67290632,60,
,36.39596632,61,
,35.95247089,62,
,35.31312661,63,
,35.15708881,64,
,36.85334659,65,
,36.80899039,66,
,36.05671199,67,
,35.81892888,68,
,37.70387836,69,
,36.39762199,70,
,37.9844697,71,
,37.26325186,72,
,36.98399885,73,
,37.05095308,74,
,38.31129937,75,
,37.55774173,76,
,38.25208186,77,
,38.33780303,78,
,37.97191568,79,
,38.21139901,80,
,38.0509264,81,
,39.81105281,82,
,40.0390097,83,
,39.33552294,84,
,39.83163716,85,
,40.58432956,86,
,39.46939373,87,
,39.69982936,88,
,40.82882582,89,
,39.95847993,90,
,40.65316352,91,
,39.83264515,92,
,39.97218606,93,
,42.06558815,94,
,42.10061928,95,
,41.54595069,96,
,41.07657176,97,
,41.06688684,98,
,42.75647604,99,
1/1/2023 0:00,43.12362036,,
1/1/2023 1:00,44.85214292,,
1/1/2023 2:00,44.19598183,,
1/1/2023 3:00,43.79597545,,
1/1/2023 4:00,42.46805592,,
1/1/2023 5:00,42.46798356,,
1/1/2023 6:00,42.17425084,,
1/1/2023 7:00,44.59852844,,
1/1/2023 8:00,43.80334504,,
1/1/2023 9:00,44.12421773,,
1/1/2023 10:00,42.06175348,,
1/1/2023 11:00,44.90972956,,
1/1/2023 12:00,44.49732792,,
1/1/2023 13:00,42.63701733,,
1/1/2023 14:00,42.5454749,,
1/1/2023 15:00,42.55021353,,
1/1/2023 16:00,42.91272673,,
1/1/2023 17:00,43.57426929,,
1/1/2023 18:00,43.29583506,,
1/1/2023 19:00,42.87368742,,
1/1/2023 20:00,43.83555868,,
1/1/2023 21:00,42.41848158,,
1/1/2023 22:00,42.87643395,,
1/1/2023 23:00,43.09908553,,
1/2/2023 0:00,43.36820995,,
1/2/2023 1:00,44.35552788,,
1/2/2023 2:00,42.59902135,,
1/2/2023 3:00,43.54270332,,
1/2/2023 4:00,43.77724371,,
1/2/2023 5:00,42.13935124,,
1/2/2023 6:00,43.82263456,,
1/2/2023 7:00,42.51157237,,
1/2/2023 8:00,42.19515478,,
1/2/2023 9:00,44.84665661,,
1/2/2023 10:00,44.8968961,,
1/2/2023 11:00,44.42519204,,
1/2/2023 12:00,42.91384131,,
1/2/2023 13:00,42.29301634,,
1/2/2023 14:00,44.05269908,,
1/2/2023 15:00,43.32045748,,
1/2/2023 16:00,42.3661147,,
1/2/2023 17:00,43.48553073,,
1/2/2023 18:00,42.10316556,,
1/2/2023 19:00,44.72796121,,
1/2/2023 20:00,42.77633994,,
1/2/2023 21:00,43.98756685,,
1/2/2023 22:00,42.93513323,,
1/2/2023 23:00,43.56020406,,
1/3/2023 0:00,43.64013084,,
1/3/2023 1:00,42.55456337,,
1/3/2023 2:00,44.90875388,,
1/3/2023 3:00,44.32539847,,
1/3/2023 4:00,44.81849682,,
1/3/2023 5:00,44.68448205,,
1/3/2023 6:00,43.79369994,,
1/3/2023 7:00,44.76562271,,
1/3/2023 8:00,42.26547751,,
1/3/2023 9:00,42.58794859,,
1/3/2023 10:00,42.13568187,,
1/3/2023 11:00,42.97599099,,
1/3/2023 12:00,43.16603187,,
1/3/2023 13:00,42.8140471,,
1/3/2023 14:00,44.48621253,,
1/3/2023 15:00,43.07025998,,
1/3/2023 16:00,42.84280353,,
1/3/2023 17:00,43.62808825,,
1/3/2023 18:00,42.42277267,,
1/3/2023 19:00,44.40659094,,
1/3/2023 20:00,42.22365193,,
1/3/2023 21:00,44.96066081,,
1/3/2023 22:00,44.31673431,,
1/3/2023 23:00,42.59614704,,
1/4/2023 0:00,42.01656635,,
1/4/2023 1:00,44.44638429,,
1/4/2023 2:00,44.12057203,,
1/4/2023 3:00,44.1870215,,
1/4/2023 4:00,44.31381104,,
1/4/2023 5:00,42.22213396,,
1/4/2023 6:00,43.07539719,,
1/4/2023 7:00,42.34760718,,
1/4/2023 8:00,44.58931028,,
1/4/2023 9:00,43.86989438,,
1/4/2023 10:00,42.99269407,,
1/4/2023 11:00,42.19067505,,
1/4/2023 12:00,42.93294697,,
1/4/2023 13:00,42.97554997,,
1/4/2023 14:00,44.18881854,,
1/4/2023 15:00,43.91267241,,
1/4/2023 16:00,44.66163823,,
1/4/2023 17:00,43.41664478,,
1/4/2023 18:00,42.35878274,,
1/4/2023 19:00,44.13973436,,
1/4/2023 20:00,44.28235515,,
1/4/2023 21:00,43.68383159,,
1/4/2023 22:00,44.31290154,,
1/4/2023 23:00,43.48138679,,
1/5/2023 0:00,43.56819849,,
1/5/2023 1:00,43.28262306,,
1/5/2023 2:00,42.07625738,,
1/5/2023 3:00,42.32367428,,
1/5/2023 4:00,42.09428756,,
1/5/2023 5:00,43.90923123,,
1/5/2023 6:00,42.94306794,,
1/5/2023 7:00,43.52571207,,
1/5/2023 8:00,44.72269942,,
1/5/2023 9:00,42.74787669,,
1/5/2023 10:00,43.23114877,,
1/5/2023 11:00,44.26665342,,
1/5/2023 12:00,42.6863945,,
1/5/2023 13:00,42.23093973,,
1/5/2023 14:00,42.86925436,,
1/5/2023 15:00,42.48366386,,
1/5/2023 16:00,44.78909296,,
1/5/2023 17:00,44.42436114,,
1/5/2023 18:00,43.90021127,,
1/5/2023 19:00,44.61438177,,
1/5/2023 20:00,44.41101623,,
1/5/2023 21:00,42.55971018,,
1/5/2023 22:00,44.677677,,
1/5/2023 23:00,43.61802673,,
1/6/2023 0:00,44.42232047,,
1/6/2023 1:00,44.6882739,,
1/6/2023 2:00,42.95401042,,
1/6/2023 3:00,42.33015577,,
1/6/2023 4:00,42.68380549,,
1/6/2023 5:00,43.28132337,,
1/6/2023 6:00,44.4540443,,
1/6/2023 7:00,44.58219175,,
1/6/2023 8:00,42.02085639,,
1/6/2023 9:00,43.53224191,,
1/6/2023 10:00,43.25223301,,
1/6/2023 11:00,42.66632343,,
1/6/2023 12:00,42.3595961,,
1/6/2023 13:00,43.01284551,,
1/6/2023 14:00,44.82872911,,
1/6/2023 15:00,42.9696088,,
1/6/2023 16:00,43.55637187,,
1/6/2023 17:00,44.10905688,,
1/6/2023 18:00,43.09088881,,
1/6/2023 19:00,44.91534625,,
1/6/2023 20:00,44.88734188,,
1/6/2023 21:00,42.75534689,,
1/6/2023 22:00,43.49174552,,
1/6/2023 23:00,42.90263493,,
1/7/2023 0:00,42.85452148,,
1/7/2023 1:00,42.11066084,,
1/7/2023 2:00,43.828693,,
1/7/2023 3:00,43.50803707,,
1/7/2023 4:00,42.15443625,,
1/7/2023 5:00,42.83593939,,
1/7/2023 6:00,44.72479766,,
1/7/2023 7:00,42.71868567,,
1/7/2023 8:00,42.43468462,,
1/7/2023 9:00,43.46835828,,
1/7/2023 10:00,44.95695136,,
1/7/2023 11:00,42.72616581,,
1/7/2023 12:00,44.01640664,,
1/7/2023 13:00,44.28485885,,
1/7/2023 14:00,42.71291263,,
1/7/2023 15:00,44.18464905,,
1/7/2023 16:00,43.1033494,,
1/7/2023 17:00,43.89691749,,
1/7/2023 18:00,43.90058913,,
1/7/2023 19:00,43.60732405,,
1/7/2023 20:00,42.27086931,,
1/7/2023 21:00,44.50590749,,
1/7/2023 22:00,42.96234019,,
1/7/2023 23:00,42.55955553,,
1/8/2023 0:00,42.12232542,,
1/8/2023 1:00,43.77267883,,
1/8/2023 2:00,44.03269309,,
1/8/2023 3:00,42.04976349,,
1/8/2023 4:00,43.53627917,,
1/8/2023 5:00,42.67948733,,
1/8/2023 6:00,43.93551837,,
1/8/2023 7:00,42.52309929,,
1/8/2023 8:00,44.07281321,,
1/8/2023 9:00,43.16020604,,
1/8/2023 10:00,44.81018997,,
1/8/2023 11:00,42.41256283,,
1/8/2023 12:00,43.02319905,,
1/8/2023 13:00,42.34042056,,
1/8/2023 14:00,44.77408085,,
1/8/2023 15:00,44.63201806,,
1/8/2023 16:00,42.77382488,,
1/8/2023 17:00,43.97995214,,
1/8/2023 18:00,44.4516666,,
1/8/2023 19:00,43.66560243,,
1/8/2023 20:00,43.58895174,,
1/8/2023 21:00,42.72555687,,
1/8/2023 22:00,42.2793083,,
1/8/2023 23:00,44.69164727,,
1/9/2023 0:00,44.70125417,,
1/9/2023 1:00,43.89930437,,
1/9/2023 2:00,43.01708937,,
1/9/2023 3:00,43.04762872,,
1/9/2023 4:00,44.17786704,,
1/9/2023 5:00,44.69133078,,
1/9/2023 6:00,44.66125927,,
1/9/2023 7:00,44.33962664,,
1/9/2023 8:00,43.92609494,,
1/9/2023 9:00,42.25241989,,
1/9/2023 10:00,42.48488614,,
1/9/2023 11:00,44.69566257,,
1/9/2023 12:00,43.81928718,,
1/9/2023 13:00,42.02759115,,
1/9/2023 14:00,42.30441463,,
1/9/2023 15:00,43.99050531,,
1/9/2023 16:00,42.01518475,,
1/9/2023 17:00,42.48242415,,
1/9/2023 18:00,43.64620137,,
1/9/2023 19:00,44.07568559,,
1/9/2023 20:00,43.95588378,,
1/9/2023 21:00,42.67280793,,
1/9/2023 22:00,44.13653766,,
1/9/2023 23:00,42.71174726,,
1/10/2023 0:00,42.97619909,,
1/10/2023 1:00,44.23947422,,
1/10/2023 2:00,43.9488987,,
1/10/2023 3:00,44.54767023,,
1/10/2023 4:00,43.97283868,,
1/10/2023 5:00,43.70492581,,
1/10/2023 6:00,42.2810243,,
1/10/2023 7:00,43.10314741,,
1/10/2023 8:00,42.7956071,,
1/10/2023 9:00,42.73196893,,
1/10/2023 10:00,44.91903166,,
1/10/2023 11:00,43.17929317,,
1/10/2023 12:00,44.67613967,,
1/10/2023 13:00,43.89341588,,
1/10/2023 14:00,44.38443391,,
1/10/2023 15:00,43.50791128,,
1/10/2023 16:00,43.73071165,,
1/10/2023 17:00,43.47755308,,
1/10/2023 18:00,42.58572896,,
1/10/2023 19:00,44.16735635,,
1/10/2023 20:00,42.84231709,,
1/10/2023 21:00,42.0729479,,
1/10/2023 22:00,43.93641689,,
1/10/2023 23:00,42.53133204,,
1/11/2023 0:00,44.82137575,,
1/11/2023 1:00,44.86178573,,
1/11/2023 2:00,44.74459317,,
1/11/2023 3:00,43.1104761,,
1/11/2023 4:00,42.04636985,,
1/11/2023 5:00,44.78495569,,
1/11/2023 6:00,43.28455244,,
1/11/2023 7:00,44.89996446,,
1/11/2023 8:00,44.89085993,,
1/11/2023 9:00,44.55902837,,
1/11/2023 10:00,42.88334668,,
1/11/2023 11:00,43.15529319,,
1/11/2023 12:00,44.55341001,,
1/11/2023 13:00,42.95076602,,
1/11/2023 14:00,42.50847824,,
1/11/2023 15:00,43.67040379,,
1/11/2023 16:00,44.80846432,,
1/11/2023 17:00,44.08808939,,
1/11/2023 18:00,43.71018351,,
1/11/2023 19:00,42.29152948,,
1/11/2023 20:00,43.84502168,,
1/11/2023 21:00,44.97016155,,
1/11/2023 22:00,42.42025205,,
1/11/2023 23:00,43.55498896,,
1/12/2023 0:00,44.63211922,,
1/12/2023 1:00,44.22230585,,
1/12/2023 2:00,44.09104722,,
1/12/2023 3:00,44.10745225,,
1/12/2023 4:00,43.07847345,,
1/12/2023 5:00,42.88077553,,
1/12/2023 6:00,44.42808347,,
1/12/2023 7:00,44.43034018,,
1/12/2023 8:00,44.60121696,,
1/12/2023 9:00,44.73972166,,
1/12/2023 10:00,43.5340272,,
1/12/2023 11:00,43.50454888,,
1/12/2023 12:00,44.39488554,,
1/12/2023 13:00,43.94989179,,
1/12/2023 14:00,44.10590063,,
1/12/2023 15:00,44.38737801,,
1/12/2023 16:00,44.67001603,,
1/12/2023 17:00,43.01398547,,
1/12/2023 18:00,43.12674886,,
1/12/2023 19:00,42.28194582,,
1/12/2023 20:00,43.73484042,,
1/12/2023 21:00,42.10782682,,
1/12/2023 22:00,43.39679405,,
1/12/2023 23:00,43.6279339,,
1/13/2023 0:00,42.85962376,,
1/13/2023 1:00,43.77249978,,
1/13/2023 2:00,42.09150075,,
1/13/2023 3:00,42.11204457,,
1/13/2023 4:00,44.46780168,,
1/13/2023 5:00,43.08057192,,
1/13/2023 6:00,42.38118154,,
1/13/2023 7:00,43.56672978,,
1/13/2023 8:00,44.30998066,,
1/13/2023 9:00,42.64746308,,
1/13/2023 10:00,43.86867143,,
1/13/2023 11:00,42.25604239,,
1/13/2023 12:00,42.15504516,,
1/13/2023 13:00,43.59406389,,
1/13/2023 14:00,43.62190536,,
1/13/2023 15:00,43.9122897,,
1/13/2023 16:00,44.178274,,
1/13/2023 17:00,44.92755624,,
1/13/2023 18:00,43.54890104,,
1/13/2023 19:00,42.96886942,,
1/13/2023 20:00,44.38555858,,
1/13/2023 21:00,42.81249675,,
1/13/2023 22:00,43.31691426,,
1/13/2023 23:00,42.23536914,,
1/14/2023 0:00,42.07605223,,
1/14/2023 1:00,44.88794524,,
1/14/2023 2:00,44.50794036,,
1/14/2023 3:00,44.08792262,,
1/14/2023 4:00,43.22685883,,
1/14/2023 5:00,42.51988296,,
1/14/2023 6:00,42.46931113,,
1/14/2023 7:00,42.75072869,,
1/14/2023 8:00,43.64767999,,
1/14/2023 9:00,44.14378777,,
1/14/2023 10:00,43.98059213,,
1/14/2023 11:00,42.83980169,,
1/14/2023 12:00,44.86459584,,
1/14/2023 13:00,44.21369075,,
1/14/2023 14:00,43.66306216,,
1/14/2023 15:00,43.83516224,,
1/14/2023 16:00,43.25880019,,
1/14/2023 17:00,42.74319297,,
1/14/2023 18:00,43.06791804,,
1/14/2023 19:00,44.27353833,,
1/14/2023 20:00,42.04318047,,
1/14/2023 21:00,42.34821792,,
1/14/2023 22:00,42.13800793,,
1/14/2023 23:00,42.12218641,,
1/15/2023 0:00,44.56638175,,
1/15/2023 1:00,44.11097358,,
1/15/2023 2:00,43.42252149,,
1/15/2023 3:00,42.29350248,,
1/15/2023 4:00,43.47484763,,
1/15/2023 5:00,43.42041531,,
1/15/2023 6:00,42.51960561,,
1/15/2023 7:00,43.30155495,,
1/15/2023 8:00,43.1955142,,
1/15/2023 9:00,43.84755029,,
1/15/2023 10:00,43.90528095,,
1/15/2023 11:00,42.13591203,,
1/15/2023 12:00,43.12383784,,
1/15/2023 13:00,43.87757975,,
1/15/2023 14:00,43.50940878,,
1/15/2023 15:00,44.56946952,,
1/15/2023 16:00,43.97608089,,
1/15/2023 17:00,42.48880328,,
1/15/2023 18:00,42.21170624,,
1/15/2023 19:00,43.92725783,,
1/15/2023 20:00,42.07953393,,
1/15/2023 21:00,43.75732674,,
1/15/2023 22:00,44.82069072,,
1/15/2023 23:00,43.72642253,,
1/16/2023 0:00,43.16450978,,
1/16/2023 1:00,43.92986466,,
1/16/2023 2:00,43.37475867,,
1/16/2023 3:00,43.63685037,,
1/16/2023 4:00,44.82439443,,
1/16/2023 5:00,43.15830791,,
1/16/2023 6:00,44.88357169,,
1/16/2023 7:00,44.71605193,,
1/16/2023 8:00,42.5873734,,
1/16/2023 9:00,42.2080839,,
1/16/2023 10:00,42.302334,,
1/16/2023 11:00,42.05466548,,
1/16/2023 12:00,42.28332888,,
1/16/2023 13:00,44.04902032,,
1/16/2023 14:00,42.21356595,,
1/16/2023 15:00,42.95692689,,
1/16/2023 16:00,44.53462593,,
1/16/2023 17:00,42.06981581,,
1/16/2023 18:00,44.44340545,,
1/16/2023 19:00,42.84556432,,
1/16/2023 20:00,42.35449448,,
1/16/2023 21:00,44.0902115,,
1/16/2023 22:00,43.88682854,,
1/16/2023 23:00,44.63241604,,
1/17/2023 0:00,44.20521313,,
1/17/2023 1:00,44.41044279,,
1/17/2023 2:00,42.84610372,,
1/17/2023 3:00,42.53231863,,
1/17/2023 4:00,44.25184425,,
1/17/2023 5:00,44.42050422,,
1/17/2023 6:00,44.97151543,,
1/17/2023 7:00,43.23785303,,
1/17/2023 8:00,43.11605426,,
1/17/2023 9:00,44.32923888,,
1/17/2023 10:00,43.02241062,,
1/17/2023 11:00,44.79227198,,
1/17/2023 12:00,44.57523826,,
1/17/2023 13:00,43.28698208,,
1/17/2023 14:00,44.2526132,,
1/17/2023 15:00,44.26362862,,
1/17/2023 16:00,42.30937161,,
1/17/2023 17:00,44.70765872,,
1/17/2023 18:00,43.51575712,,
1/17/2023 19:00,44.4793724,,
1/17/2023 20:00,42.9601488,,
1/17/2023 21:00,44.68656969,,
1/17/2023 22:00,43.16760504,,
1/17/2023 23:00,42.03251295,,
1/18/2023 0:00,44.71614593,,
1/18/2023 1:00,42.27386003,,
1/18/2023 2:00,42.95794091,,
1/18/2023 3:00,44.8501859,,
1/18/2023 4:00,44.85182144,,
1/18/2023 5:00,43.72031366,,
1/18/2023 6:00,43.89551164,,
1/18/2023 7:00,43.34533657,,
1/18/2023 8:00,42.87963232,,
1/18/2023 9:00,42.98599364,,
1/18/2023 10:00,44.01755537,,
1/18/2023 11:00,44.25712359,,
1/18/2023 12:00,44.37473713,,
1/18/2023 13:00,44.36885443,,
1/18/2023 14:00,42.27361831,,
1/18/2023 15:00,43.48326091,,
1/18/2023 16:00,42.17267628,,
1/18/2023 17:00,43.64858665,,
1/18/2023 18:00,43.3245915,,
1/18/2023 19:00,44.66311255,,
1/18/2023 20:00,43.05274504,,
1/18/2023 21:00,42.35120105,,
1/18/2023 22:00,42.42897505,,
1/18/2023 23:00,44.2845319,,
1/19/2023 0:00,43.85465419,,
1/19/2023 1:00,42.30336803,,
1/19/2023 2:00,42.25232042,,
1/19/2023 3:00,44.10290739,,
1/19/2023 4:00,42.21828902,,
1/19/2023 5:00,44.46558018,,
1/19/2023 6:00,44.11872668,,
1/19/2023 7:00,42.24404634,,
1/19/2023 8:00,42.25451314,,
1/19/2023 9:00,44.95991874,,
1/19/2023 10:00,43.12281239,,
1/19/2023 11:00,43.11192644,,
1/19/2023 12:00,44.4383987,,
1/19/2023 13:00,44.84174573,,
1/19/2023 14:00,44.95800319,,
1/19/2023 15:00,44.26013456,,
1/19/2023 16:00,43.12877876,,
1/19/2023 17:00,42.25050215,,
1/19/2023 18:00,44.33144075,,
1/19/2023 19:00,43.67521275,,
1/19/2023 20:00,43.27266603,,
1/19/2023 21:00,44.71906316,,
1/19/2023 22:00,42.33359245,,
1/19/2023 23:00,43.47787531,,
1/20/2023 0:00,42.03406093,,
1/20/2023 1:00,43.40598193,,
1/20/2023 2:00,42.16890983,,
1/20/2023 3:00,42.35645375,,
1/20/2023 4:00,42.35257874,,
1/20/2023 5:00,43.94763091,,
1/20/2023 6:00,44.23813464,,
1/20/2023 7:00,43.7501063,,
1/20/2023 8:00,44.88651765,,
1/20/2023 9:00,43.12461174,,
1/20/2023 10:00,42.85713626,,
1/20/2023 11:00,44.60579738,,
1/20/2023 12:00,42.67078752,,
1/20/2023 13:00,44.88966762,,
1/20/2023 14:00,42.03646342,,
1/20/2023 15:00,44.90963648,,
1/20/2023 16:00,42.12947974,,
1/20/2023 17:00,44.67342934,,
1/20/2023 18:00,43.58310333,,
1/20/2023 19:00,44.97889439,,
1/20/2023 20:00,42.22138969,,
1/20/2023 21:00,43.66156285,,
1/20/2023 22:00,44.90790761,,
1/20/2023 23:00,43.56929353,,
1/21/2023 0:00,43.88819591,,
1/21/2023 1:00,44.08724607,,
1/21/2023 2:00,43.36362319,,
1/21/2023 3:00,43.88267424,,
1/21/2023 4:00,43.75294294,,
1/21/2023 5:00,44.70347403,,
1/21/2023 6:00,42.13633914,,
1/21/2023 7:00,42.84288957,,
1/21/2023 8:00,44.85123445,,
1/21/2023 9:00,44.67079135,,
1/21/2023 10:00,43.36697026,,
1/21/2023 11:00,43.86039779,,
1/21/2023 12:00,42.83214355,,
1/21/2023 13:00,42.56436348,,
1/21/2023 14:00,43.39109521,,
1/21/2023 15:00,43.06005668,,
1/21/2023 16:00,43.75096834,,
1/21/2023 17:00,42.23320391,,
1/21/2023 18:00,44.92318442,,
1/21/2023 19:00,44.95863223,,
1/21/2023 20:00,44.09448514,,
1/21/2023 21:00,43.6082891,,
1/21/2023 22:00,42.92858285,,
1/21/2023 23:00,44.44138506,,
1/22/2023 0:00,44.05419352,,
1/22/2023 1:00,42.48785082,,
1/22/2023 2:00,44.73278155,,
1/22/2023 3:00,44.46761173,,
1/22/2023 4:00,44.84939974,,
1/22/2023 5:00,44.17715853,,
1/22/2023 6:00,43.84024559,,
1/22/2023 7:00,43.25472911,,
1/22/2023 8:00,44.79818545,,
1/22/2023 9:00,44.59819167,,
1/22/2023 10:00,42.13565601,,
1/22/2023 11:00,42.07910092,,
1/22/2023 12:00,43.1293901,,
1/22/2023 13:00,44.43165999,,
1/22/2023 14:00,44.96182839,,
1/22/2023 15:00,42.45125067,,
1/22/2023 16:00,43.78239215,,
1/22/2023 17:00,43.14267257,,
1/22/2023 18:00,44.90974319,,
1/22/2023 19:00,44.52635677,,
1/22/2023 20:00,44.51498611,,
1/22/2023 21:00,43.40607948,,
1/22/2023 22:00,43.24445851,,
1/22/2023 23:00,42.82022122,,
1/23/2023 0:00,42.16912649,,
1/23/2023 1:00,44.59416713,,
1/23/2023 2:00,44.43870303,,
1/23/2023 3:00,44.99915302,,
1/23/2023 4:00,44.98991051,,
1/23/2023 5:00,43.66629512,,
1/23/2023 6:00,44.30696225,,
1/23/2023 7:00,44.83429719,,
1/23/2023 8:00,44.54894217,,
1/23/2023 9:00,42.74204431,,
1/23/2023 10:00,43.35163241,,
1/23/2023 11:00,42.38747825,,
1/23/2023 12:00,44.86215308,,
1/23/2023 13:00,43.8185239,,
1/23/2023 14:00,42.68592842,,
1/23/2023 15:00,44.01510205,,
1/23/2023 16:00,43.85438472,,
1/23/2023 17:00,43.07448815,,
1/23/2023 18:00,42.34067278,,
1/23/2023 19:00,44.01471959,,
1/23/2023 20:00,43.5609231,,
1/23/2023 21:00,44.31695518,,
1/23/2023 22:00,43.5604905,,
1/23/2023 23:00,44.5565445,,
1/24/2023 0:00,43.65572052,,
1/24/2023 1:00,43.68281391,,
1/24/2023 2:00,44.62996081,,
1/24/2023 3:00,43.2104486,,
1/24/2023 4:00,42.40204569,,
1/24/2023 5:00,42.08634803,,
1/24/2023 6:00,44.26541177,,
1/24/2023 7:00,43.86092865,,
1/24/2023 8:00,44.1122393,,
1/24/2023 9:00,42.63889248,,
1/24/2023 10:00,42.40911443,,
1/24/2023 11:00,42.043634,,
1/24/2023 12:00,43.05176268,,
1/24/2023 13:00,43.76975306,,
1/24/2023 14:00,43.17673214,,
1/24/2023 15:00,43.31242477,,
1/24/2023 16:00,44.71247608,,
1/24/2023 17:00,43.0447664,,
1/24/2023 18:00,43.54196847,,
1/24/2023 19:00,44.35095904,,
1/24/2023 20:00,43.18962835,,
1/24/2023 21:00,43.8662601,,
1/24/2023 22:00,44.58709113,,
1/24/2023 23:00,44.84856187,,
1/25/2023 0:00,42.44122044,,
1/25/2023 1:00,44.77976288,,
1/25/2023 2:00,43.47634888,,
1/25/2023 3:00,42.77473316,,
1/25/2023 4:00,43.37740727,,
1/25/2023 5:00,44.94009773,,
1/25/2023 6:00,43.47785428,,
1/25/2023 7:00,42.98625483,,
1/25/2023 8:00,43.90020256,,
1/25/2023 9:00,42.72043686,,
1/25/2023 10:00,42.22758998,,
1/25/2023 11:00,42.38663917,,
1/25/2023 12:00,42.38413752,,
1/25/2023 13:00,42.45570808,,
1/25/2023 14:00,42.41648152,,
1/25/2023 15:00,43.92262423,,
1/25/2023 16:00,42.54564025,,
1/25/2023 17:00,43.03700185,,
1/25/2023 18:00,44.69036523,,
1/25/2023 19:00,43.42188492,,
1/25/2023 20:00,44.00267322,,
1/25/2023 21:00,42.51695961,,
1/25/2023 22:00,42.57686706,,
1/25/2023 23:00,42.12260585,,
1/26/2023 0:00,42.50680519,,
1/26/2023 1:00,42.83577102,,
1/26/2023 2:00,42.53103145,,
1/26/2023 3:00,42.2661076,,
1/26/2023 4:00,42.36190761,,
1/26/2023 5:00,43.3823363,,
1/26/2023 6:00,42.61900116,,
1/26/2023 7:00,43.09280958,,
1/26/2023 8:00,43.51025181,,
1/26/2023 9:00,44.07118449,,
1/26/2023 10:00,42.11793642,,
1/26/2023 11:00,44.3982312,,
1/26/2023 12:00,43.88370117,,
1/26/2023 13:00,42.2452771,,
1/26/2023 14:00,44.62073587,,
1/26/2023 15:00,44.7626172,,
1/26/2023 16:00,42.18323388,,
1/26/2023 17:00,42.83063294,,
1/26/2023 18:00,44.41860384,,
1/26/2023 19:00,44.24477907,,
1/26/2023 20:00,42.55356306,,
1/26/2023 21:00,42.62804797,,
1/26/2023 22:00,43.11141631,,
1/26/2023 23:00,43.45356896,,
1/27/2023 0:00,43.85476431,,
1/27/2023 1:00,43.10674092,,
1/27/2023 2:00,43.38760415,,
1/27/2023 3:00,44.24241281,,
1/27/2023 4:00,42.11004961,,
1/27/2023 5:00,42.75731083,,
1/27/2023 6:00,44.14004876,,
1/27/2023 7:00,44.68562051,,
1/27/2023 8:00,43.53503233,,
1/27/2023 9:00,43.59634046,,
1/27/2023 10:00,42.32151603,,
1/27/2023 11:00,43.3422371,,
1/27/2023 12:00,43.5978518,,
1/27/2023 13:00,42.72741151,,
1/27/2023 14:00,42.80772969,,
1/27/2023 15:00,43.13185249,,
1/27/2023 16:00,42.06021359,,
1/27/2023 17:00,42.9662375,,
1/27/2023 18:00,42.63434402,,
1/27/2023 19:00,42.98249206,,
1/27/2023 20:00,42.3592864,,
1/27/2023 21:00,44.67158184,,
1/27/2023 22:00,43.78077736,,
1/27/2023 23:00,44.03730696,,
1/28/2023 0:00,44.36751372,,
1/28/2023 1:00,43.4953266,,
1/28/2023 2:00,42.26076086,,
1/28/2023 3:00,43.61131963,,
1/28/2023 4:00,43.76052335,,
1/28/2023 5:00,44.23631842,,
1/28/2023 6:00,43.29497864,,
1/28/2023 7:00,42.38274091,,
1/28/2023 8:00,42.85132772,,
1/28/2023 9:00,43.08924689,,
1/28/2023 10:00,43.93775172,,
1/28/2023 11:00,43.71233491,,
1/28/2023 12:00,43.06829018,,
1/28/2023 13:00,44.95954575,,
1/28/2023 14:00,43.81732446,,
1/28/2023 15:00,42.71168038,,
1/28/2023 16:00,42.30534742,,
1/28/2023 17:00,42.45857742,,
1/28/2023 18:00,42.73787319,,
1/28/2023 19:00,42.48204412,,
1/28/2023 20:00,42.55970107,,
1/28/2023 21:00,42.85528551,,
1/28/2023 22:00,42.52012079,,
1/28/2023 23:00,44.69029627,,
1/29/2023 0:00,42.24070124,,
1/29/2023 1:00,43.57353417,,
1/29/2023 2:00,43.23119048,,
1/29/2023 3:00,44.94713585,,
1/29/2023 4:00,42.33611671,,
1/29/2023 5:00,43.1935668,,
1/29/2023 6:00,44.9084113,,
1/29/2023 7:00,44.59652138,,
1/29/2023 8:00,44.45121621,,
1/29/2023 9:00,42.77370848,,
1/29/2023 10:00,42.51266276,,
1/29/2023 11:00,44.00592966,,
1/29/2023 12:00,44.78812797,,
1/29/2023 13:00,43.67028868,,
1/29/2023 14:00,43.71483807,,
1/29/2023 15:00,42.83993728,,
1/29/2023 16:00,44.3084788,,
1/29/2023 17:00,42.56113125,,
1/29/2023 18:00,42.97103771,,
1/29/2023 19:00,43.27630932,,
1/29/2023 20:00,43.52283114,,
1/29/2023 21:00,42.7272292,,
1/29/2023 22:00,42.34451047,,
1/29/2023 23:00,43.83186013,,
1/30/2023 0:00,42.86589166,,
1/30/2023 1:00,43.74371466,,
1/30/2023 2:00,42.46308815,,
1/30/2023 3:00,43.44342031,,
1/30/2023 4:00,43.5977683,,
1/30/2023 5:00,42.15547061,,
1/30/2023 6:00,43.00981283,,
1/30/2023 7:00,42.40324403,,
1/30/2023 8:00,42.19012491,,
1/30/2023 9:00,44.9698807,,
1/30/2023 10:00,42.96706153,,
1/30/2023 11:00,44.42962334,,
1/30/2023 12:00,42.76392196,,
1/30/2023 13:00,44.04450817,,
1/30/2023 14:00,44.28068358,,
1/30/2023 15:00,43.78691622,,
1/30/2023 16:00,43.41472857,,
1/30/2023 17:00,43.23552274,,
1/30/2023 18:00,43.0466048,,
1/30/2023 19:00,44.78858743,,
1/30/2023 20:00,44.49185822,,
1/30/2023 21:00,44.89508073,,
1/30/2023 22:00,42.37289167,,
1/30/2023 23:00,44.19260243,,
1/31/2023 0:00,44.81502137,,
1/31/2023 1:00,42.5436992,,
1/31/2023 2:00,42.1994888,,
1/31/2023 3:00,44.22336195,,
1/31/2023 4:00,43.72341934,,
1/31/2023 5:00,44.52548633,,
1/31/2023 6:00,42.41931713,,
1/31/2023 7:00,44.38580194,,
1/31/2023 8:00,42.60488196,,
1/31/2023 9:00,42.49096783,,
1/31/2023 10:00,42.49279739,,
1/31/2023 11:00,44.44372416,,
1/31/2023 12:00,43.99559166,,
1/31/2023 13:00,43.56919627,,
1/31/2023 14:00,43.07649145,,
1/31/2023 15:00,44.63160162,,
1/31/2023 16:00,43.17733532,,
1/31/2023 17:00,44.44979832,,
1/31/2023 18:00,43.31740473,,
1/31/2023 19:00,43.13083329,,
1/31/2023 20:00,43.38803936,,
1/31/2023 21:00,42.90413362,,
1/31/2023 22:00,44.24282814,,
1/31/2023 23:00,43.50816117,,
2/1/2023 0:00,42.69663809,,
2/1/2023 1:00,44.69872372,,
2/1/2023 2:00,43.15167366,,
2/1/2023 3:00,43.63065858,,
2/1/2023 4:00,44.71941633,,
2/1/2023 5:00,43.87271399,,
2/1/2023 6:00,42.35069412,,
2/1/2023 7:00,44.81949637,,
2/1/2023 8:00,43.88312416,,
2/1/2023 9:00,43.00471684,,
2/1/2023 10:00,42.41781622,,
2/1/2023 11:00,44.38207557,,
2/1/2023 12:00,43.86021827,,
2/1/2023 13:00,43.60038328,,
2/1/2023 14:00,44.68167775,,
2/1/2023 15:00,44.36579163,,
2/1/2023 16:00,42.45502464,,
2/1/2023 17:00,42.9351662,,
2/1/2023 18:00,42.74546742,,
2/1/2023 19:00,44.23183888,,
2/1/2023 20:00,42.1005973,,
2/1/2023 21:00,43.70966905,,
2/1/2023 22:00,44.28737606,,
2/1/2023 23:00,44.63029691,,
2/2/2023 0:00,43.02624525,,
2/2/2023 1:00,44.46377191,,
2/2/2023 2:00,42.33189521,,
2/2/2023 3:00,44.53935688,,
2/2/2023 4:00,42.38246599,,
2/2/2023 5:00,43.19186187,,
2/2/2023 6:00,44.3918861,,
2/2/2023 7:00,42.44975228,,
2/2/2023 8:00,42.68775419,,
2/2/2023 9:00,44.16675771,,
2/2/2023 10:00,44.16010961,,
2/2/2023 11:00,43.9234429,,
2/2/2023 12:00,44.08184533,,
2/2/2023 13:00,43.62817333,,
2/2/2023 14:00,42.75539718,,
2/2/2023 15:00,43.03708798,,
2/2/2023 16:00,42.54479315,,
2/2/2023 17:00,44.72535168,,
2/2/2023 18:00,43.75017538,,
2/2/2023 19:00,43.20255425,,
2/2/2023 20:00,43.38601741,,
2/2/2023 21:00,44.84185002,,
2/2/2023 22:00,42.46005421,,
2/2/2023 23:00,43.7586895,,
2/3/2023 0:00,43.51766604,,
2/3/2023 1:00,43.83436271,,
2/3/2023 2:00,42.05433055,,
2/3/2023 3:00,44.61637173,,
2/3/2023 4:00,44.79635485,,
2/3/2023 5:00,43.69539955,,
2/3/2023 6:00,44.08995247,,
2/3/2023 7:00,44.76749814,,
2/3/2023 8:00,44.1217159,,
2/3/2023 9:00,42.45761713,,
2/3/2023 10:00,43.72886508,,
2/3/2023 11:00,43.82014514,,
2/3/2023 12:00,43.27239201,,
2/3/2023 13:00,44.20933271,,
2/3/2023 14:00,44.80310104,,
2/3/2023 15:00,44.77670554,,
2/3/2023 16:00,43.35251811,,
2/3/2023 17:00,42.33971414,,
2/3/2023 18:00,44.9545236,,
2/3/2023 19:00,44.51669426,,
2/3/2023 20:00,42.37398804,,
2/3/2023 21:00,44.76252565,,
2/3/2023 22:00,44.60968909,,
2/3/2023 23:00,43.55651417,,
2/4/2023 0:00,43.77382631,,
2/4/2023 1:00,43.19700811,,
2/4/2023 2:00,42.16428492,,
2/4/2023 3:00,43.00559172,,
2/4/2023 4:00,44.40856035,,
2/4/2023 5:00,42.01389607,,
2/4/2023 6:00,43.00049752,,
2/4/2023 7:00,43.19450608,,
2/4/2023 8:00,43.61218681,,
2/4/2023 9:00,44.75956685,,
2/4/2023 10:00,43.03903798,,
2/4/2023 11:00,43.04085961,,
2/4/2023 12:00,44.21250374,,
2/4/2023 13:00,43.35665382,,
2/4/2023 14:00,42.67381447,,
2/4/2023 15:00,43.35731855,,
2/4/2023 16:00,42.42257106,,
2/4/2023 17:00,42.52916096,,
2/4/2023 18:00,43.49510332,,
2/4/2023 19:00,43.25677635,,
2/4/2023 20:00,44.7445377,,
2/4/2023 21:00,43.0871817,,
2/4/2023 22:00,43.74176505,,
2/4/2023 23:00,43.89679286,,
2/5/2023 0:00,42.03928337,,
2/5/2023 1:00,43.99061212,,
2/5/2023 2:00,42.5341079,,
2/5/2023 3:00,44.88321095,,
2/5/2023 4:00,42.44598818,,
2/5/2023 5:00,43.24387237,,
2/5/2023 6:00,42.256049,,
2/5/2023 7:00,44.99062276,,
2/5/2023 8:00,43.50658503,,
2/5/2023 9:00,43.78615505,,
2/5/2023 10:00,42.20122943,,
2/5/2023 11:00,44.24988141,,
2/5/2023 12:00,42.62971678,,
2/5/2023 13:00,44.69416287,,
2/5/2023 14:00,42.61541892,,
2/5/2023 15:00,42.57206316,,
2/5/2023 16:00,42.109649,,
2/5/2023 17:00,43.41620084,,
2/5/2023 18:00,43.6945234,,
2/5/2023 19:00,42.19712592,,
2/5/2023 20:00,44.32658285,,
2/5/2023 21:00,43.3598665,,
2/5/2023 22:00,43.57317081,,
2/5/2023 23:00,43.32228824,,
2/6/2023 0:00,43.20228918,,
2/6/2023 1:00,43.67892099,,
2/6/2023 2:00,42.46572074,,
2/6/2023 3:00,42.54578439,,
2/6/2023 4:00,44.58535686,,
2/6/2023 5:00,44.83834639,,
2/6/2023 6:00,43.11992795,,
2/6/2023 7:00,42.81223402,,
2/6/2023 8:00,43.93199863,,
2/6/2023 9:00,43.22620251,,
2/6/2023 10:00,42.07615907,,
2/6/2023 11:00,42.46845779,,
2/6/2023 12:00,44.14791669,,
2/6/2023 13:00,43.97677183,,
2/6/2023 14:00,42.08128798,,
2/6/2023 15:00,42.66591649,,
2/6/2023 16:00,42.69322439,,
2/6/2023 17:00,44.01567823,,
2/6/2023 18:00,42.05913161,,
2/6/2023 19:00,42.31232575,,
2/6/2023 20:00,44.39974826,,
2/6/2023 21:00,42.53563399,,
2/6/2023 22:00,43.95823832,,
2/6/2023 23:00,42.71454834,,
2/7/2023 0:00,42.29832418,,
2/7/2023 1:00,42.72951657,,
2/7/2023 2:00,44.1668008,,
2/7/2023 3:00,44.5670894,,
2/7/2023 4:00,44.49065959,,
2/7/2023 5:00,43.19155059,,
2/7/2023 6:00,44.00425541,,
2/7/2023 7:00,42.61495289,,
2/7/2023 8:00,42.87944319,,
2/7/2023 9:00,44.68900746,,
2/7/2023 10:00,42.03900577,,
2/7/2023 11:00,42.25652559,,
2/7/2023 12:00,42.62365877,,
2/7/2023 13:00,42.07959661,,
2/7/2023 14:00,42.54430631,,
2/7/2023 15:00,43.74912468,,
2/7/2023 16:00,43.26427365,,
2/7/2023 17:00,44.67801513,,
2/7/2023 18:00,44.45233069,,
2/7/2023 19:00,43.02545206,,
2/7/2023 20:00,42.7782703,,
2/7/2023 21:00,43.13907722,,
2/7/2023 22:00,43.77088483,,
2/7/2023 23:00,42.80419092,,
2/8/2023 0:00,43.87244672,,
2/8/2023 1:00,43.22823496,,
2/8/2023 2:00,43.65614154,,
2/8/2023 3:00,43.30837959,,
2/8/2023 4:00,42.88339728,,
2/8/2023 5:00,44.84535992,,
2/8/2023 6:00,44.29081738,,
2/8/2023 7:00,42.42033953,,
2/8/2023 8:00,44.60540393,,
2/8/2023 9:00,43.46229359,,
2/8/2023 10:00,44.68365668,,
2/8/2023 11:00,44.39956577,,
2/8/2023 12:00,43.27564051,,
2/8/2023 13:00,42.06740792,,
2/8/2023 14:00,42.80603208,,
2/8/2023 15:00,43.62490264,,
2/8/2023 16:00,43.90043466,,
2/8/2023 17:00,42.77366306,,
2/8/2023 18:00,42.41806822,,
2/8/2023 19:00,44.50479071,,
2/8/2023 20:00,44.95320654,,
2/8/2023 21:00,43.57707055,,
2/8/2023 22:00,42.51503786,,
2/8/2023 23:00,42.81692198,,
2/9/2023 0:00,42.05517203,,
2/9/2023 1:00,44.74289642,,
2/9/2023 2:00,42.35325325,,
2/9/2023 3:00,43.72954943,,
2/9/2023 4:00,42.82216566,,
2/9/2023 5:00,43.66253401,,
2/9/2023 6:00,43.95426117,,
2/9/2023 7:00,44.48922541,,
2/9/2023 8:00,42.61926382,,
2/9/2023 9:00,42.03298749,,
2/9/2023 10:00,42.41065689,,
2/9/2023 11:00,44.70005593,,
2/9/2023 12:00,44.62167023,,
2/9/2023 13:00,43.79223931,,
2/9/2023 14:00,43.80155058,,
2/9/2023 15:00,43.99511002,,
2/9/2023 16:00,42.52611384,,
2/9/2023 17:00,44.74323584,,
2/9/2023 18:00,43.25631157,,
2/9/2023 19:00,43.14941558,,
2/9/2023 20:00,43.55675312,,
2/9/2023 21:00,42.1408979,,
2/9/2023 22:00,42.49885011,,
2/9/2023 23:00,44.21410085,,
2/10/2023 0:00,42.248396,,
2/10/2023 1:00,43.80945633,,
2/10/2023 2:00,42.73604733,,
2/10/2023 3:00,43.16788684,,
2/10/2023 4:00,42.86608121,,
2/10/2023 5:00,43.06701815,,
2/10/2023 6:00,44.15713772,,
2/10/2023 7:00,42.89136515,,
2/10/2023 8:00,43.69921392,,
2/10/2023 9:00,43.42815121,,
2/10/2023 10:00,43.9910135,,
2/10/2023 11:00,44.81048922,,
2/10/2023 12:00,44.19771629,,
2/10/2023 13:00,42.64482114,,
2/10/2023 14:00,42.09354941,,
2/10/2023 15:00,42.78679213,,
2/10/2023 16:00,43.78523379,,
2/10/2023 17:00,42.15427744,,
2/10/2023 18:00,43.48909874,,
2/10/2023 19:00,43.79052855,,
2/10/2023 20:00,43.00273167,,
2/10/2023 21:00,44.31273661,,
2/10/2023 22:00,42.31979476,,
2/10/2023 23:00,42.22541335,,
2/11/2023 0:00,44.18456627,,
2/11/2023 1:00,43.48647395,,
2/11/2023 2:00,44.06520719,,
2/11/2023 3:00,43.30448202,,
2/11/2023 4:00,42.7392061,,
2/11/2023 5:00,44.45730695,,
2/11/2023 6:00,44.39824764,,
2/11/2023 7:00,44.08408941,,
2/11/2023 8:00,42.81643541,,
2/11/2023 9:00,43.770692,,
2/11/2023 10:00,43.08292169,,
2/11/2023 11:00,42.27474622,,
2/11/2023 12:00,44.75194073,,
2/11/2023 13:00,42.41045589,,
2/11/2023 14:00,44.85071206,,
2/11/2023 15:00,43.33801732,,
2/11/2023 16:00,42.55539879,,
2/11/2023 17:00,43.62570284,,
2/11/2023 18:00,44.61883751,,
2/11/2023 19:00,44.19667466,,
2/11/2023 20:00,44.41968344,,
2/11/2023 21:00,43.9763501,,
2/11/2023 22:00,44.07682969,,
2/11/2023 23:00,44.54758695,,
2/12/2023 0:00,42.74900403,,
2/12/2023 1:00,43.46827489,,
2/12/2023 2:00,42.66362833,,
2/12/2023 3:00,44.96300402,,
2/12/2023 4:00,44.83217802,,
2/12/2023 5:00,42.11828043,,
2/12/2023 6:00,44.11672552,,
2/12/2023 7:00,44.77574495,,
2/12/2023 8:00,42.54172604,,
2/12/2023 9:00,43.70383569,,
2/12/2023 10:00,44.74646489,,
2/12/2023 11:00,42.10183794,,
2/12/2023 12:00,44.0922608,,
2/12/2023 13:00,42.89204702,,
2/12/2023 14:00,44.77318859,,
2/12/2023 15:00,44.91317474,,
2/12/2023 16:00,44.83279947,,
2/12/2023 17:00,43.42264265,,
2/12/2023 18:00,44.58612795,,
2/12/2023 19:00,44.5336482,,
2/12/2023 20:00,42.95730142,,
2/12/2023 21:00,44.48674642,,
2/12/2023 22:00,42.1110229,,
2/12/2023 23:00,43.78880964,,
2/13/2023 0:00,42.69002651,,
2/13/2023 1:00,42.36170066,,
2/13/2023 2:00,42.2308596,,
2/13/2023 3:00,44.08886633,,
2/13/2023 4:00,43.01962489,,
2/13/2023 5:00,44.17430031,,
2/13/2023 6:00,42.19606902,,
2/13/2023 7:00,42.94587101,,
2/13/2023 8:00,43.61847388,,
2/13/2023 9:00,44.37216949,,
2/13/2023 10:00,42.95625751,,
2/13/2023 11:00,43.87767413,,
2/13/2023 12:00,44.65793324,,
2/13/2023 13:00,43.84758956,,
2/13/2023 14:00,42.69887842,,
2/13/2023 15:00,42.07320234,,
2/13/2023 16:00,44.61029662,,
2/13/2023 17:00,42.06380823,,
2/13/2023 18:00,44.62410502,,
2/13/2023 19:00,43.5868114,,
2/13/2023 20:00,44.8172031,,
2/13/2023 21:00,44.39634971,,
2/13/2023 22:00,44.99380233,,
2/13/2023 23:00,43.05213545,,
2/14/2023 0:00,44.30156487,,
2/14/2023 1:00,43.20579274,,
2/14/2023 2:00,43.43962686,,
2/14/2023 3:00,43.88251639,,
2/14/2023 4:00,44.62103134,,
2/14/2023 5:00,44.95225041,,
2/14/2023 6:00,44.30482024,,
2/14/2023 7:00,43.25330035,,
2/14/2023 8:00,43.26407101,,
2/14/2023 9:00,44.2127469,,
2/14/2023 10:00,42.71633144,,
2/14/2023 11:00,42.33142234,,
2/14/2023 12:00,43.06386647,,
2/14/2023 13:00,42.86171697,,
2/14/2023 14:00,42.88892436,,
2/14/2023 15:00,42.70082325,,
2/14/2023 16:00,42.12627957,,
2/14/2023 17:00,42.0536218,,
2/14/2023 18:00,44.96316717,,
2/14/2023 19:00,43.2833194,,
2/14/2023 20:00,43.15297994,,
2/14/2023 21:00,44.03894185,,
2/14/2023 22:00,42.65476166,,
2/14/2023 23:00,44.84988355,,
2/15/2023 0:00,44.35903504,,
2/15/2023 1:00,42.26823301,,
2/15/2023 2:00,43.25274233,,
2/15/2023 3:00,44.63735492,,
2/15/2023 4:00,44.83419607,,
2/15/2023 5:00,43.40220453,,
2/15/2023 6:00,43.84023417,,
2/15/2023 7:00,42.50110184,,
2/15/2023 8:00,44.97350588,,
2/15/2023 9:00,42.6950151,,
2/15/2023 10:00,44.82819532,,
2/15/2023 11:00,43.94893995,,
2/15/2023 12:00,43.82321038,,
2/15/2023 13:00,43.53806553,,
2/15/2023 14:00,42.69200944,,
2/15/2023 15:00,42.5295841,,
2/15/2023 16:00,42.66145863,,
2/15/2023 17:00,42.55931479,,
2/15/2023 18:00,44.33875342,,
2/15/2023 19:00,43.05037578,,
2/15/2023 20:00,42.17352803,,
2/15/2023 21:00,44.90730789,,
2/15/2023 22:00,44.65135765,,
2/15/2023 23:00,44.78325685,,
2/16/2023 0:00,44.98472347,,
2/16/2023 1:00,42.52168575,,
2/16/2023 2:00,43.18872606,,
2/16/2023 3:00,44.27471543,,
2/16/2023 4:00,44.08806185,,
2/16/2023 5:00,42.46168772,,
2/16/2023 6:00,44.44749937,,
2/16/2023 7:00,42.67332172,,
2/16/2023 8:00,42.67145284,,
2/16/2023 9:00,43.61092327,,
2/16/2023 10:00,43.7788198,,
2/16/2023 11:00,43.74025862,,
2/16/2023 12:00,42.27446051,,
2/16/2023 13:00,44.63238259,,
2/16/2023 14:00,42.79680013,,
2/16/2023 15:00,42.38854476,,
2/16/2023 16:00,44.66624424,,
2/16/2023 17:00,44.86695449,,
2/16/2023 18:00,44.58638285,,
2/16/2023 19:00,44.42854822,,
2/16/2023 20:00,43.96572594,,
2/16/2023 21:00,43.65257211,,
2/16/2023 22:00,42.26096028,,
2/16/2023 23:00,43.22535964,,
2/17/2023 0:00,43.11806555,,
2/17/2023 1:00,42.77926135,,
2/17/2023 2:00,44.17026034,,
2/17/2023 3:00,43.48762721,,
2/17/2023 4:00,42.24313865,,
2/17/2023 5:00,42.66054961,,
2/17/2023 6:00,44.04977629,,
2/17/2023 7:00,42.22839258,,
2/17/2023 8:00,44.55362074,,
2/17/2023 9:00,43.48543958,,
2/17/2023 10:00,43.44175973,,
2/17/2023 11:00,43.77722335,,
2/17/2023 12:00,44.4740429,,
2/17/2023 13:00,43.04342762,,
2/17/2023 14:00,44.03404846,,
2/17/2023 15:00,43.69719589,,
2/17/2023 16:00,42.80108481,,
2/17/2023 17:00,44.63588996,,
2/17/2023 18:00,44.39227806,,
2/17/2023 19:00,43.9753555,,
2/17/2023 20:00,44.55174519,,
2/17/2023 21:00,44.6018826,,
2/17/2023 22:00,44.12508893,,
2/17/2023 23:00,44.51103999,,
2/18/2023 0:00,44.09241439,,
2/18/2023 1:00,44.04042232,,
2/18/2023 2:00,43.85583413,,
2/18/2023 3:00,44.25814992,,
2/18/2023 4:00,42.47581532,,
2/18/2023 5:00,44.64261228,,
2/18/2023 6:00,44.61553058,,
2/18/2023 7:00,42.08774185,,
2/18/2023 8:00,44.47745025,,
2/18/2023 9:00,42.3866096,,
2/18/2023 10:00,43.00535656,,
2/18/2023 11:00,44.23052477,,
2/18/2023 12:00,42.48227969,,
2/18/2023 13:00,44.45390107,,
2/18/2023 14:00,44.49640253,,
2/18/2023 15:00,43.5224032,,
2/18/2023 16:00,42.01915762,,
2/18/2023 17:00,42.8611144,,
2/18/2023 18:00,43.85078076,,
2/18/2023 19:00,44.94355853,,
2/18/2023 20:00,43.89544058,,
2/18/2023 21:00,42.77941074,,
2/18/2023 22:00,43.90201711,,
2/18/2023 23:00,43.61995614,,
2/19/2023 0:00,44.33953619,,
2/19/2023 1:00,42.32094192,,
2/19/2023 2:00,44.28308371,,
2/19/2023 3:00,43.62379974,,
2/19/2023 4:00,44.88897601,,
2/19/2023 5:00,43.0256165,,
2/19/2023 6:00,43.89786568,,
2/19/2023 7:00,44.79608432,,
2/19/2023 8:00,42.30752918,,
2/19/2023 9:00,44.81168546,,
2/19/2023 10:00,44.06365717,,
2/19/2023 11:00,42.20351118,,
2/19/2023 12:00,42.9028907,,
2/19/2023 13:00,44.12451627,,
2/19/2023 14:00,42.2020518,,
2/19/2023 15:00,43.74651138,,
2/19/2023 16:00,43.03764917,,
2/19/2023 17:00,43.86274655,,
2/19/2023 18:00,42.1372261,,
2/19/2023 19:00,44.61461042,,
2/19/2023 20:00,44.92046691,,
2/19/2023 21:00,44.90663357,,
2/19/2023 22:00,44.2489555,,
2/19/2023 23:00,42.39025872,,
2/20/2023 0:00,44.27478959,,
2/20/2023 1:00,42.07376075,,
2/20/2023 2:00,42.06637065,,
2/20/2023 3:00,42.97083066,,
2/20/2023 4:00,43.46592957,,
2/20/2023 5:00,44.31122225,,
2/20/2023 6:00,44.04988613,,
2/20/2023 7:00,43.33770812,,
2/20/2023 8:00,42.82088,,
2/20/2023 9:00,44.9913735,,
2/20/2023 10:00,43.27854391,,
2/20/2023 11:00,43.35416107,,
2/20/2023 12:00,42.49087146,,
2/20/2023 13:00,44.38442865,,
2/20/2023 14:00,44.08104668,,
2/20/2023 15:00,42.66230884,,
2/20/2023 16:00,42.24714314,,
2/20/2023 17:00,44.04149791,,
2/20/2023 18:00,43.96353364,,
2/20/2023 19:00,42.81977858,,
2/20/2023 20:00,44.85259069,,
2/20/2023 21:00,42.45317368,,
2/20/2023 22:00,43.2970044,,
2/20/2023 23:00,44.83084776,,
2/21/2023 0:00,43.25918195,,
2/21/2023 1:00,43.91557784,,
2/21/2023 2:00,43.19278319,,
2/21/2023 3:00,42.82264561,,
2/21/2023 4:00,44.95193294,,
2/21/2023 5:00,43.22800202,,
2/21/2023 6:00,44.68229761,,
2/21/2023 7:00,42.68986382,,
2/21/2023 8:00,42.63931411,,
2/21/2023 9:00,42.09340225,,
2/21/2023 10:00,43.95500048,,
2/21/2023 11:00,43.10557903,,
2/21/2023 12:00,44.59307475,,
2/21/2023 13:00,43.41962972,,
2/21/2023 14:00,44.90458028,,
2/21/2023 15:00,42.55657655,,
2/21/2023 16:00,44.6058695,,
2/21/2023 17:00,44.32979056,,
2/21/2023 18:00,44.31276553,,
2/21/2023 19:00,44.53434968,,
2/21/2023 20:00,44.28307197,,
2/21/2023 21:00,43.87866096,,
2/21/2023 22:00,42.39373463,,
2/21/2023 23:00,42.09757854,,
2/22/2023 0:00,44.76254354,,
2/22/2023 1:00,43.84995094,,
2/22/2023 2:00,44.38961187,,
2/22/2023 3:00,43.44456705,,
2/22/2023 4:00,42.35192457,,
2/22/2023 5:00,42.37555738,,
2/22/2023 6:00,44.05669586,,
2/22/2023 7:00,43.29091768,,
2/22/2023 8:00,42.60157418,,
2/22/2023 9:00,43.47478364,,
2/22/2023 10:00,42.19262681,,
2/22/2023 11:00,43.74591421,,
2/22/2023 12:00,42.80698021,,
2/22/2023 13:00,44.3926773,,
2/22/2023 14:00,42.93108588,,
2/22/2023 15:00,43.36566045,,
2/22/2023 16:00,42.03486162,,
2/22/2023 17:00,42.21734066,,
2/22/2023 18:00,43.17748067,,
2/22/2023 19:00,43.4398165,,
2/22/2023 20:00,43.80006164,,
2/22/2023 21:00,42.87498774,,
2/22/2023 22:00,44.08494566,,
2/22/2023 23:00,44.58036719,,
2/23/2023 0:00,44.33955297,,
2/23/2023 1:00,42.11885648,,
2/23/2023 2:00,43.44152084,,
2/23/2023 3:00,42.31479054,,
2/23/2023 4:00,42.72613505,,
2/23/2023 5:00,44.95998778,,
2/23/2023 6:00,42.42748663,,
2/23/2023 7:00,43.49666446,,
2/23/2023 8:00,43.8544672,,
2/23/2023 9:00,44.10739491,,
2/23/2023 10:00,43.67894605,,
2/23/2023 11:00,42.02931254,,
2/23/2023 12:00,42.97938392,,
2/23/2023 13:00,43.55313493,,
2/23/2023 14:00,42.2635995,,
2/23/2023 15:00,43.05188079,,
2/23/2023 16:00,42.09960933,,
2/23/2023 17:00,42.23573549,,
2/23/2023 18:00,43.19076983,,
2/23/2023 19:00,42.39814726,,
2/23/2023 20:00,43.70262254,,
2/23/2023 21:00,44.06839491,,
2/23/2023 22:00,44.4017601,,
2/23/2023 23:00,42.60045073,,
2/24/2023 0:00,42.50244775,,
2/24/2023 1:00,42.31370352,,
2/24/2023 2:00,43.90929075,,
2/24/2023 3:00,44.11942718,,
2/24/2023 4:00,42.09475843,,
2/24/2023 5:00,44.80863674,,
2/24/2023 6:00,42.15591385,,
2/24/2023 7:00,43.62388901,,
2/24/2023 8:00,44.12718156,,
2/24/2023 9:00,44.61290737,,
2/24/2023 10:00,44.1422608,,
2/24/2023 11:00,44.40518425,,
2/24/2023 12:00,43.01835058,,
2/24/2023 13:00,44.44447534,,
2/24/2023 14:00,42.24034454,,
2/24/2023 15:00,44.68444997,,
2/24/2023 16:00,43.64277713,,
2/24/2023 17:00,44.45189331,,
2/24/2023 18:00,43.35695485,,
2/24/2023 19:00,43.93073309,,
2/24/2023 20:00,43.57920798,,
2/24/2023 21:00,44.19476857,,
2/24/2023 22:00,42.24488995,,
2/24/2023 23:00,42.18105625,,
2/25/2023 0:00,42.7413097,,
2/25/2023 1:00,42.47863404,,
2/25/2023 2:00,44.6153507,,
2/25/2023 3:00,42.65764196,,
2/25/2023 4:00,44.92759577,,
2/25/2023 5:00,43.01068738,,
2/25/2023 6:00,42.54635375,,
2/25/2023 7:00,44.36909552,,
2/25/2023 8:00,43.97612333,,
2/25/2023 9:00,43.49458715,,
2/25/2023 10:00,43.66609065,,
2/25/2023 11:00,44.15760533,,
2/25/2023 12:00,42.68536422,,
2/25/2023 13:00,44.98900175,,
2/25/2023 14:00,44.92437949,,
2/25/2023 15:00,43.95097706,,
2/25/2023 16:00,42.59862735,,
2/25/2023 17:00,44.04068473,,
2/25/2023 18:00,42.21659523,,
2/25/2023 19:00,42.09195751,,
2/25/2023 20:00,42.77304867,,
2/25/2023 21:00,43.38786887,,
2/25/2023 22:00,44.60481752,,
2/25/2023 23:00,44.18150721,,
2/26/2023 0:00,44.22811956,,
2/26/2023 1:00,43.27648,,
2/26/2023 2:00,43.03780498,,
2/26/2023 3:00,43.11311629,,
2/26/2023 4:00,44.96294869,,
2/26/2023 5:00,42.12032757,,
2/26/2023 6:00,44.60109449,,
2/26/2023 7:00,43.73602623,,
2/26/2023 8:00,43.31584626,,
2/26/2023 9:00,44.17577298,,
2/26/2023 10:00,43.46000682,,
2/26/2023 11:00,44.62026971,,
2/26/2023 12:00,44.70210559,,
2/26/2023 13:00,43.26516278,,
2/26/2023 14:00,42.83048339,,
2/26/2023 15:00,43.77705099,,
2/26/2023 16:00,44.73709004,,
2/26/2023 17:00,42.63198657,,
2/26/2023 18:00,43.86889975,,
2/26/2023 19:00,43.89468066,,
2/26/2023 20:00,44.19933907,,
2/26/2023 21:00,42.39470306,,
2/26/2023 22:00,44.14747489,,
2/26/2023 23:00,44.72709756,,
2/27/2023 0:00,42.53904933,,
2/27/2023 1:00,42.71262997,,
2/27/2023 2:00,44.91418528,,
2/27/2023 3:00,42.54293086,,
2/27/2023 4:00,44.56315528,,
2/27/2023 5:00,43.47683357,,
2/27/2023 6:00,42.74169322,,
2/27/2023 7:00,44.6122497,,
2/27/2023 8:00,43.33591577,,
2/27/2023 9:00,43.54445206,,
2/27/2023 10:00,43.07770011,,
2/27/2023 11:00,43.77885255,,
2/27/2023 12:00,42.49057162,,
2/27/2023 13:00,43.17324461,,
2/27/2023 14:00,44.90823697,,
2/27/2023 15:00,42.7744003,,
2/27/2023 16:00,43.97020999,,
2/27/2023 17:00,42.97557019,,
2/27/2023 18:00,44.32041938,,
2/27/2023 19:00,42.39262098,,
2/27/2023 20:00,44.90946314,,
2/27/2023 21:00,43.36136862,,
2/27/2023 22:00,42.70815139,,
2/27/2023 23:00,42.22049024,,
2/28/2023 0:00,42.50927372,,
2/28/2023 1:00,43.55932185,,
2/28/2023 2:00,43.01100953,,
2/28/2023 3:00,44.4866501,,
2/28/2023 4:00,43.29266257,,
2/28/2023 5:00,42.74614282,,
2/28/2023 6:00,43.85143496,,
2/28/2023 7:00,44.12033165,,
2/28/2023 8:00,42.50112572,,
2/28/2023 9:00,42.50285765,,
2/28/2023 10:00,42.11001428,,
2/28/2023 11:00,44.20920605,,
2/28/2023 12:00,43.99141358,,
2/28/2023 13:00,43.42389263,,
2/28/2023 14:00,44.53251135,,
2/28/2023 15:00,44.41701046,,
2/28/2023 16:00,43.75606309,,
2/28/2023 17:00,44.60481384,,
2/28/2023 18:00,42.61752363,,
2/28/2023 19:00,42.33575886,,
2/28/2023 20:00,42.80924883,,
2/28/2023 21:00,42.17126057,,
2/28/2023 22:00,43.59350858,,
2/28/2023 23:00,44.80981708,,
3/1/2023 0:00,42.11803062,,
3/1/2023 1:00,42.36632974,,
3/1/2023 2:00,43.35659708,,
3/1/2023 3:00,44.80162505,,
3/1/2023 4:00,42.94846831,,
3/1/2023 5:00,43.52170443,,
3/1/2023 6:00,42.12471858,,
3/1/2023 7:00,42.4450296,,
3/1/2023 8:00,44.95989037,,
3/1/2023 9:00,44.89535609,,
3/1/2023 10:00,42.01481994,,
3/1/2023 11:00,44.85543536,,
3/1/2023 12:00,43.91735981,,
3/1/2023 13:00,44.60375488,,
3/1/2023 14:00,43.36421957,,
3/1/2023 15:00,43.54678809,,
3/1/2023 16:00,43.46653974,,
3/1/2023 17:00,44.00059277,,
3/1/2023 18:00,42.41895376,,
3/1/2023 19:00,42.08992077,,
3/1/2023 20:00,42.92378982,,
3/1/2023 21:00,44.11404229,,
3/1/2023 22:00,42.60556036,,
3/1/2023 23:00,44.0202973,,
3/2/2023 0:00,44.90973614,,
3/2/2023 1:00,42.28170215,,
3/2/2023 2:00,44.01780635,,
3/2/2023 3:00,43.33125066,,
3/2/2023 4:00,44.60442676,,
3/2/2023 5:00,42.53144937,,
3/2/2023 6:00,44.07787786,,
3/2/2023 7:00,44.51434587,,
3/2/2023 8:00,44.83384266,,
3/2/2023 9:00,44.04974408,,
3/2/2023 10:00,43.49152429,,
3/2/2023 11:00,43.85354172,,
3/2/2023 12:00,44.60671495,,
3/2/2023 13:00,43.71182924,,
3/2/2023 14:00,42.09116118,,
3/2/2023 15:00,44.79284609,,
3/2/2023 16:00,44.06858025,,
3/2/2023 17:00,44.02954016,,
3/2/2023 18:00,42.64702546,,
3/2/2023 19:00,43.97665641,,
3/2/2023 20:00,43.18159322,,
3/2/2023 21:00,43.95369893,,
3/2/2023 22:00,42.31977909,,
3/2/2023 23:00,43.97353591,,
3/3/2023 0:00,44.99824118,,
3/3/2023 1:00,42.14463612,,
3/3/2023 2:00,44.93152255,,
3/3/2023 3:00,43.22072388,,
3/3/2023 4:00,44.61226035,,
3/3/2023 5:00,44.34715645,,
3/3/2023 6:00,43.70104878,,
3/3/2023 7:00,44.21534763,,
3/3/2023 8:00,44.63554668,,
3/3/2023 9:00,43.21242096,,
3/3/2023 10:00,42.98109948,,
3/3/2023 11:00,44.00278016,,
3/3/2023 12:00,44.42353783,,
3/3/2023 13:00,44.2868554,,
3/3/2023 14:00,44.39344095,,
3/3/2023 15:00,43.30674994,,
3/3/2023 16:00,44.45350265,,
3/3/2023 17:00,42.36062717,,
3/3/2023 18:00,43.63346729,,
3/3/2023 19:00,42.01727598,,
3/3/2023 20:00,42.97375749,,
3/3/2023 21:00,43.0993846,,
3/3/2023 22:00,43.18851807,,
3/3/2023 23:00,44.08640162,,
3/4/2023 0:00,43.1656743,,
3/4/2023 1:00,43.34608087,,
3/4/2023 2:00,42.71263239,,
3/4/2023 3:00,43.11975537,,
3/4/2023 4:00,42.68180888,,
3/4/2023 5:00,42.21958777,,
3/4/2023 6:00,43.81034578,,
3/4/2023 7:00,44.0046384,,
3/4/2023 8:00,43.85847104,,
3/4/2023 9:00,43.39048213,,
3/4/2023 10:00,43.13935734,,
3/4/2023 11:00,44.59000095,,
