time,water_level
2023-01-01 00:00:00,43.12362035654209
2023-01-01 01:00:00,44.85214291922975
2023-01-01 02:00:00,44.19598182543422
2023-01-01 03:00:00,43.79597545259111
2023-01-01 04:00:00,42.46805592132731
2023-01-01 05:00:00,42.46798356100861
2023-01-01 06:00:00,42.1742508365046
2023-01-01 07:00:00,44.5985284373248
2023-01-01 08:00:00,43.803345035229626
2023-01-01 09:00:00,44.124217733388136
2023-01-01 10:00:00,42.061753482887404
2023-01-01 11:00:00,44.909729556485985
2023-01-01 12:00:00,44.49732792240127
2023-01-01 13:00:00,42.63701733203483
2023-01-01 14:00:00,42.545474901621304
2023-01-01 15:00:00,42.5502135295603
2023-01-01 16:00:00,42.91272672887861
2023-01-01 17:00:00,43.574269294896716
2023-01-01 18:00:00,43.29583505592635
2023-01-01 19:00:00,42.87368742059412
2023-01-01 20:00:00,43.83555868416714
2023-01-01 21:00:00,42.41848158195612
2023-01-01 22:00:00,42.876433945605655
2023-01-01 23:00:00,43.09908552988107
2023-01-02 00:00:00,43.36820995265111
2023-01-02 01:00:00,44.35552788417904
2023-01-02 02:00:00,42.59902134647508
2023-01-02 03:00:00,43.542703315240836
2023-01-02 04:00:00,43.77724370658613
2023-01-02 05:00:00,42.139351238159996
2023-01-02 06:00:00,43.82263455570431
2023-01-02 07:00:00,42.511572371061874
2023-01-02 08:00:00,42.19515477895584
2023-01-02 09:00:00,44.84665661176
2023-01-02 10:00:00,44.89689609922368
2023-01-02 11:00:00,44.42519204434938
2023-01-02 12:00:00,42.91384130752011
2023-01-02 13:00:00,42.29301634201915
2023-01-02 14:00:00,44.052699079536474
2023-01-02 15:00:00,43.3204574812188
2023-01-02 16:00:00,42.36611470453434
2023-01-02 17:00:00,43.485530730333814
2023-01-02 18:00:00,42.103165563345655
2023-01-02 19:00:00,44.727961206236344
2023-01-02 20:00:00,42.77633994480005
2023-01-02 21:00:00,43.98756685306195
2023-01-02 22:00:00,42.935133228268235
2023-01-02 23:00:00,43.56020406353343
2023-01-03 00:00:00,43.64013083802984
2023-01-03 01:00:00,42.55456336657658
2023-01-03 02:00:00,44.90875388329368
2023-01-03 03:00:00,44.32539847008334
2023-01-03 04:00:00,44.818496824692566
2023-01-03 05:00:00,44.68448205128295
2023-01-03 06:00:00,43.793699936433256
2023-01-03 07:00:00,44.76562270506935
2023-01-03 08:00:00,42.26547750615576
2023-01-03 09:00:00,42.587948587257436
2023-01-03 10:00:00,42.135681866731616
2023-01-03 11:00:00,42.975990992289795
2023-01-03 12:00:00,43.16603186906845
2023-01-03 13:00:00,42.81404709532169
2023-01-03 14:00:00,44.48621252745579
2023-01-03 15:00:00,43.07025998008077
2023-01-03 16:00:00,42.842803529062145
2023-01-03 17:00:00,43.62808824947474
2023-01-03 18:00:00,42.42277267492429
2023-01-03 19:00:00,44.40659094226212
2023-01-03 20:00:00,42.22365193103931
2023-01-03 21:00:00,44.96066080980155
2023-01-03 22:00:00,44.31673430788997
2023-01-03 23:00:00,42.59614704460252
2023-01-04 00:00:00,42.016566351370805
2023-01-04 01:00:00,44.4463842853645
2023-01-04 02:00:00,44.12057203154285
2023-01-04 03:00:00,44.18702150412296
2023-01-04 04:00:00,44.313811040057836
2023-01-04 05:00:00,42.222133955202274
2023-01-04 06:00:00,43.075397185632816
2023-01-04 07:00:00,42.34760717857539
2023-01-04 08:00:00,44.58931027762678
2023-01-04 09:00:00,43.86989438048268
2023-01-04 10:00:00,42.992694074557946
2023-01-04 11:00:00,42.19067505085807
2023-01-04 12:00:00,42.93294696514699
2023-01-04 13:00:00,42.975549966080244
2023-01-04 14:00:00,44.18881853501419
2023-01-04 15:00:00,43.91267241406564
2023-01-04 16:00:00,44.66163822772898
2023-01-04 17:00:00,43.41664477548585
2023-01-04 18:00:00,42.358782737814906
2023-01-04 19:00:00,44.139734361668985
2023-01-04 20:00:00,44.282355145850694
2023-01-04 21:00:00,43.683831592708486
2023-01-04 22:00:00,44.31290153986368
2023-01-04 23:00:00,43.48138678909317
2023-01-05 00:00:00,43.56819848814598
2023-01-05 01:00:00,43.282623055075646
2023-01-05 02:00:00,42.076257380232285
2023-01-05 03:00:00,42.323674280979915
2023-01-05 04:00:00,42.094287557060206
2023-01-05 05:00:00,43.90923123379134
2023-01-05 06:00:00,42.94306794322898
2023-01-05 07:00:00,43.525712073494105
2023-01-05 08:00:00,44.72269942177828
2023-01-05 09:00:00,42.74787668744663
2023-01-05 10:00:00,43.23114876910689
2023-01-05 11:00:00,44.26665341562914
2023-01-05 12:00:00,42.68639449647487
2023-01-05 13:00:00,42.23093972948638
2023-01-05 14:00:00,42.8692543587413
2023-01-05 15:00:00,42.48366386176201
2023-01-05 16:00:00,44.78909295702772
2023-01-05 17:00:00,44.42436113869325
2023-01-05 18:00:00,43.90021126953127
2023-01-05 19:00:00,44.614381770563156
2023-01-05 20:00:00,44.41101623069734
2023-01-05 21:00:00,42.55971017665811
2023-01-05 22:00:00,44.67767699546993
2023-01-05 23:00:00,43.61802672574695
2023-01-06 00:00:00,44.422320465492184
2023-01-06 01:00:00,44.68827389977048
2023-01-06 02:00:00,42.954010424915595
2023-01-06 03:00:00,42.33015577358303
2023-01-06 04:00:00,42.683805487625825
2023-01-06 05:00:00,43.28132336587877
2023-01-06 06:00:00,44.45404429776748
2023-01-06 07:00:00,44.58219174976903
2023-01-06 08:00:00,42.020856391593576
2023-01-06 09:00:00,43.5322419077327
2023-01-06 10:00:00,43.252233009446336
2023-01-06 11:00:00,42.66632343141219
2023-01-06 12:00:00,42.35959610200105
2023-01-06 13:00:00,43.01284551421088
2023-01-06 14:00:00,44.82872911173756
2023-01-06 15:00:00,42.96960879606227
2023-01-06 16:00:00,43.5563718652301
2023-01-06 17:00:00,44.109056876685536
2023-01-06 18:00:00,43.09088880713788
2023-01-06 19:00:00,44.915346248162884
2023-01-06 20:00:00,44.887341884826334
2023-01-06 21:00:00,42.755346887476094
2023-01-06 22:00:00,43.49174551767716
2023-01-06 23:00:00,42.90263492945031
2023-01-07 00:00:00,42.8545214831324
2023-01-07 01:00:00,42.110660842063595
2023-01-07 02:00:00,43.82869300193969
2023-01-07 03:00:00,43.50803706968659
2023-01-07 04:00:00,42.15443625374997
2023-01-07 05:00:00,42.83593939270983
2023-01-07 06:00:00,44.72479765789996
2023-01-07 07:00:00,42.718685672000916
2023-01-07 08:00:00,42.43468461627367
2023-01-07 09:00:00,43.46835828083269
2023-01-07 10:00:00,44.9569513623318
2023-01-07 11:00:00,42.726165814534504
2023-01-07 12:00:00,44.01640664221763
2023-01-07 13:00:00,44.28485884598615
2023-01-07 14:00:00,42.7129126319772
2023-01-07 15:00:00,44.18464904583558
2023-01-07 16:00:00,43.10334939815776
2023-01-07 17:00:00,43.89691749178074
2023-01-07 18:00:00,43.90058913228268
2023-01-07 19:00:00,43.60732405222428
2023-01-07 20:00:00,42.27086931016323
2023-01-07 21:00:00,44.50590748676771
2023-01-07 22:00:00,42.96234019491521
2023-01-07 23:00:00,42.559555531199564
2023-01-08 00:00:00,42.12232542466429
2023-01-08 01:00:00,43.772678829564725
2023-01-08 02:00:00,44.032693085526844
2023-01-08 03:00:00,42.04976348678357
2023-01-08 04:00:00,43.53627917489784
2023-01-08 05:00:00,42.67948732559381
2023-01-08 06:00:00,43.93551837122835
2023-01-08 07:00:00,42.52309928701497
2023-01-08 08:00:00,44.072813214307395
2023-01-08 09:00:00,43.16020603890161
2023-01-08 10:00:00,44.8101899662102
2023-01-08 11:00:00,42.41256283243798
2023-01-08 12:00:00,43.023199053150776
2023-01-08 13:00:00,42.340420563721764
2023-01-08 14:00:00,44.77408085483569
2023-01-08 15:00:00,44.63201806014294
2023-01-08 16:00:00,42.773824883145465
2023-01-08 17:00:00,43.97995213810254
2023-01-08 18:00:00,44.451666600603644
2023-01-08 19:00:00,43.66560243479839
2023-01-08 20:00:00,43.58895173506802
2023-01-08 21:00:00,42.725556872701354
2023-01-08 22:00:00,42.2793083034177
2023-01-08 23:00:00,44.69164727385998
2023-01-09 00:00:00,44.70125417148999
2023-01-09 01:00:00,43.8993043718198
2023-01-09 02:00:00,43.0170893731461
2023-01-09 03:00:00,43.04762872383798
2023-01-09 04:00:00,44.17786703661072
2023-01-09 05:00:00,44.69133077985773
2023-01-09 06:00:00,44.66125927279535
2023-01-09 07:00:00,44.33962663757287
2023-01-09 08:00:00,43.92609493846286
2023-01-09 09:00:00,42.252419894985145
2023-01-09 10:00:00,42.48488614228384
2023-01-09 11:00:00,44.69566256558124
2023-01-09 12:00:00,43.81928717897877
2023-01-09 13:00:00,42.02759115484989
2023-01-09 14:00:00,42.304414628598096
2023-01-09 15:00:00,43.99050530732417
2023-01-09 16:00:00,42.015184751538655
2023-01-09 17:00:00,42.4824241542525
2023-01-09 18:00:00,43.64620136809976
2023-01-09 19:00:00,44.07568559307808
2023-01-09 20:00:00,43.955883778507804
2023-01-09 21:00:00,42.67280792838168
2023-01-09 22:00:00,44.136537664042606
2023-01-09 23:00:00,42.7117472624904
2023-01-10 00:00:00,42.976199094477806
2023-01-10 01:00:00,44.23947421535407
2023-01-10 02:00:00,43.948898697141644
2023-01-10 03:00:00,44.547670231482535
2023-01-10 04:00:00,43.97283867690103
2023-01-10 05:00:00,43.704925810006415
2023-01-10 06:00:00,42.28102430348428
2023-01-10 07:00:00,43.1031474091783
2023-01-10 08:00:00,42.79560710304518
2023-01-10 09:00:00,42.73196893013725
2023-01-10 10:00:00,44.91903166425734
2023-01-10 11:00:00,43.17929317400028
2023-01-10 12:00:00,44.67613966553134
2023-01-10 13:00:00,43.893415877991785
2023-01-10 14:00:00,44.38443391062494
2023-01-10 15:00:00,43.50791127931558
2023-01-10 16:00:00,43.73071165387908
2023-01-10 17:00:00,43.47755308145659
2023-01-10 18:00:00,42.58572896339413
2023-01-10 19:00:00,44.16735634578452
2023-01-10 20:00:00,42.84231708732257
2023-01-10 21:00:00,42.07294789929436
2023-01-10 22:00:00,43.936416887721506
2023-01-10 23:00:00,42.531332038221144
2023-01-11 00:00:00,44.821375753058746
2023-01-11 01:00:00,44.861785731007764
2023-01-11 02:00:00,44.74459317066135
2023-01-11 03:00:00,43.110476100766334
2023-01-11 04:00:00,42.046369849586604
2023-01-11 05:00:00,44.78495568776317
2023-01-11 06:00:00,43.28455244495194
2023-01-11 07:00:00,44.899964457131006
2023-01-11 08:00:00,44.890859931267755
2023-01-11 09:00:00,44.55902836640208
2023-01-11 10:00:00,42.88334667620876
2023-01-11 11:00:00,43.155293185805775
2023-01-11 12:00:00,44.55341001455057
2023-01-11 13:00:00,42.95076601546883
2023-01-11 14:00:00,42.50847824005828
2023-01-11 15:00:00,43.67040378737505
2023-01-11 16:00:00,44.808464322482344
2023-01-11 17:00:00,44.08808939002492
2023-01-11 18:00:00,43.710183510268095
2023-01-11 19:00:00,42.2915294813123
2023-01-11 20:00:00,43.84502168009751
2023-01-11 21:00:00,44.97016155031279
2023-01-11 22:00:00,42.420252045709574
2023-01-11 23:00:00,43.55498895709121
2023-01-12 00:00:00,44.63211921578387
2023-01-12 01:00:00,44.22230585326261
2023-01-12 02:00:00,44.09104722298581
2023-01-12 03:00:00,44.10745225196133
2023-01-12 04:00:00,43.078473453659264
2023-01-12 05:00:00,42.88077553279348
2023-01-12 06:00:00,44.42808346643554
2023-01-12 07:00:00,44.43034018403754
2023-01-12 08:00:00,44.60121695574031
2023-01-12 09:00:00,44.73972165766941
2023-01-12 10:00:00,43.53402719658281
2023-01-12 11:00:00,43.5045488840616
2023-01-12 12:00:00,44.394885536900325
2023-01-12 13:00:00,43.9498917923333
2023-01-12 14:00:00,44.10590063177311
2023-01-12 15:00:00,44.3873780083083
2023-01-12 16:00:00,44.670016025452696
2023-01-12 17:00:00,43.01398547055461
2023-01-12 18:00:00,43.126748857919836
2023-01-12 19:00:00,42.281945819522605
2023-01-12 20:00:00,43.73484042298852
2023-01-12 21:00:00,42.107826821390226
2023-01-12 22:00:00,43.39679405439738
2023-01-12 23:00:00,43.62793390412273
2023-01-13 00:00:00,42.859623756384856
2023-01-13 01:00:00,43.77249978170703
2023-01-13 02:00:00,42.09150074981715
2023-01-13 03:00:00,42.11204456624764
2023-01-13 04:00:00,44.467801681978976
2023-01-13 05:00:00,43.08057192423379
2023-01-13 06:00:00,42.381181537955655
2023-01-13 07:00:00,43.566729780164415
2023-01-13 08:00:00,44.30998065929583
2023-01-13 09:00:00,42.64746308249053
2023-01-13 10:00:00,43.868671427457
2023-01-13 11:00:00,42.25604239498131
2023-01-13 12:00:00,42.155045163505825
2023-01-13 13:00:00,43.59406389470445
2023-01-13 14:00:00,43.62190536483032
2023-01-13 15:00:00,43.91228970449462
2023-01-13 16:00:00,44.178274001167985
2023-01-13 17:00:00,44.9275562383876
2023-01-13 18:00:00,43.54890104490359
2023-01-13 19:00:00,42.968869418823736
2023-01-13 20:00:00,44.38555858430611
2023-01-13 21:00:00,42.81249675378622
2023-01-13 22:00:00,43.31691426211691
2023-01-13 23:00:00,42.2353691440268
2023-01-14 00:00:00,42.076052230246376
2023-01-14 01:00:00,44.88794524403377
2023-01-14 02:00:00,44.50794036153662
2023-01-14 03:00:00,44.08792261828109
2023-01-14 04:00:00,43.22685883324281
2023-01-14 05:00:00,42.519882960212534
2023-01-14 06:00:00,42.46931112801326
2023-01-14 07:00:00,42.75072869449379
2023-01-14 08:00:00,43.64767999411836
2023-01-14 09:00:00,44.14378776810019
2023-01-14 10:00:00,43.98059213015319
2023-01-14 11:00:00,42.83980169083783
2023-01-14 12:00:00,44.86459584198958
2023-01-14 13:00:00,44.21369075008731
2023-01-14 14:00:00,43.6630621575342
2023-01-14 15:00:00,43.835162238703056
2023-01-14 16:00:00,43.25880018728337
2023-01-14 17:00:00,42.74319296850347
2023-01-14 18:00:00,43.06791803595379
2023-01-14 19:00:00,44.273538331393105
2023-01-14 20:00:00,42.043180465889264
2023-01-14 21:00:00,42.34821792152075
2023-01-14 22:00:00,42.13800792606526
2023-01-14 23:00:00,42.122186406956914
2023-01-15 00:00:00,44.566381752033024
2023-01-15 01:00:00,44.11097357814007
2023-01-15 02:00:00,43.422521487261974
2023-01-15 03:00:00,42.293502481953006
2023-01-15 04:00:00,43.4748476253505
2023-01-15 05:00:00,43.420415312341696
2023-01-15 06:00:00,42.51960560973004
2023-01-15 07:00:00,43.30155494771392
2023-01-15 08:00:00,43.19551420319212
2023-01-15 09:00:00,43.84755029415665
2023-01-15 10:00:00,43.90528095260293
2023-01-15 11:00:00,42.13591202931613
2023-01-15 12:00:00,43.123837843879414
2023-01-15 13:00:00,43.87757974714271
2023-01-15 14:00:00,43.50940877574026
2023-01-15 15:00:00,44.56946952356497
2023-01-15 16:00:00,43.976080894856835
2023-01-15 17:00:00,42.48880328124429
2023-01-15 18:00:00,42.21170624220129
2023-01-15 19:00:00,43.92725783461895
2023-01-15 20:00:00,42.079533931624866
2023-01-15 21:00:00,43.75732674382039
2023-01-15 22:00:00,44.820690724274876
2023-01-15 23:00:00,43.726422533627634
2023-01-16 00:00:00,43.16450977861957
2023-01-16 01:00:00,43.92986465532706
2023-01-16 02:00:00,43.37475867147455
2023-01-16 03:00:00,43.63685036794781
2023-01-16 04:00:00,44.824394426329576
2023-01-16 05:00:00,43.158307913402325
2023-01-16 06:00:00,44.883571691471744
2023-01-16 07:00:00,44.71605192586819
2023-01-16 08:00:00,42.58737340436789
2023-01-16 09:00:00,42.208083902625496
2023-01-16 10:00:00,42.30233400413228
2023-01-16 11:00:00,42.054665476954646
2023-01-16 12:00:00,42.28332888226779
2023-01-16 13:00:00,44.04902032024907
2023-01-16 14:00:00,42.21356594538069
2023-01-16 15:00:00,42.956926890881284
2023-01-16 16:00:00,44.53462593290836
2023-01-16 17:00:00,42.069815807207476
2023-01-16 18:00:00,44.44340544776681
2023-01-16 19:00:00,42.8455643243202
2023-01-16 20:00:00,42.35449448286497
2023-01-16 21:00:00,44.09021149609245
2023-01-16 22:00:00,43.88682854033965
2023-01-16 23:00:00,44.63241604058116
2023-01-17 00:00:00,44.205213131411654
2023-01-17 01:00:00,44.410442791154544
2023-01-17 02:00:00,42.846103717713916
2023-01-17 03:00:00,42.532318631339166
2023-01-17 04:00:00,44.251844254922574
2023-01-17 05:00:00,44.42050421780179
2023-01-17 06:00:00,44.97151542600202
2023-01-17 07:00:00,43.23785303073428
2023-01-17 08:00:00,43.11605425737835
2023-01-17 09:00:00,44.329238882225994
2023-01-17 10:00:00,43.022410620759054
2023-01-17 11:00:00,44.792271976810696
2023-01-17 12:00:00,44.57523825552904
2023-01-17 13:00:00,43.28698208212506
2023-01-17 14:00:00,44.252613203374494
2023-01-17 15:00:00,44.263628622254046
2023-01-17 16:00:00,42.309371606507796
2023-01-17 17:00:00,44.7076587200387
2023-01-17 18:00:00,43.51575711734357
2023-01-17 19:00:00,44.47937239832322
2023-01-17 20:00:00,42.96014880309183
2023-01-17 21:00:00,44.6865696854886
2023-01-17 22:00:00,43.16760503620249
2023-01-17 23:00:00,42.0325129544409
2023-01-18 00:00:00,44.71614592925779
2023-01-18 01:00:00,42.2738600303584
2023-01-18 02:00:00,42.95794091277124
2023-01-18 03:00:00,44.850185901152415
2023-01-18 04:00:00,44.85182144081267
2023-01-18 05:00:00,43.72031366436986
2023-01-18 06:00:00,43.8955116365094
2023-01-18 07:00:00,43.34533656593496
2023-01-18 08:00:00,42.87963231509419
2023-01-18 09:00:00,42.98599363610975
2023-01-18 10:00:00,44.017555368231115
2023-01-18 11:00:00,44.25712358831304
2023-01-18 12:00:00,44.37473713117755
2023-01-18 13:00:00,44.36885442838366
2023-01-18 14:00:00,42.27361830914607
2023-01-18 15:00:00,43.483260914107746
2023-01-18 16:00:00,42.172676280049934
2023-01-18 17:00:00,43.648586646971204
2023-01-18 18:00:00,43.32459150412013
2023-01-18 19:00:00,44.663112548274896
2023-01-18 20:00:00,43.05274503765624
2023-01-18 21:00:00,42.35120104928282
2023-01-18 22:00:00,42.428975046158506
2023-01-18 23:00:00,44.28453189515242
2023-01-19 00:00:00,43.85465418994878
2023-01-19 01:00:00,42.30336802836837
2023-01-19 02:00:00,42.25232041834499
2023-01-19 03:00:00,44.10290739437736
2023-01-19 04:00:00,42.21828901909258
2023-01-19 05:00:00,44.46558017787107
2023-01-19 06:00:00,44.11872668146949
2023-01-19 07:00:00,42.244046341925696
2023-01-19 08:00:00,42.254513142255576
2023-01-19 09:00:00,44.95991873550353
2023-01-19 10:00:00,43.12281238726836
2023-01-19 11:00:00,43.11192644120067
2023-01-19 12:00:00,44.438398701772506
2023-01-19 13:00:00,44.84174573215158
2023-01-19 14:00:00,44.95800319146861
2023-01-19 15:00:00,44.26013455577682
2023-01-19 16:00:00,43.128778756592745
2023-01-19 17:00:00,42.250502150096004
2023-01-19 18:00:00,44.33144074778231
2023-01-19 19:00:00,43.67521274920742
2023-01-19 20:00:00,43.272666027740925
2023-01-19 21:00:00,44.71906315528421
2023-01-19 22:00:00,42.33359244691845
2023-01-19 23:00:00,43.47787531287258
2023-01-20 00:00:00,42.03406093430226
2023-01-20 01:00:00,43.40598192598238
2023-01-20 02:00:00,42.16890982704551
2023-01-20 03:00:00,42.35645374880421
2023-01-20 04:00:00,42.35257874033132
2023-01-20 05:00:00,43.94763090634819
2023-01-20 06:00:00,44.23813463779627
2023-01-20 07:00:00,43.75010629529148
2023-01-20 08:00:00,44.88651764542362
2023-01-20 09:00:00,43.12461173857111
2023-01-20 10:00:00,42.857136258845586
2023-01-20 11:00:00,44.60579738456838
2023-01-20 12:00:00,42.67078751555836
2023-01-20 13:00:00,44.88966761832184
2023-01-20 14:00:00,42.036463424069446
2023-01-20 15:00:00,44.90963648012292
2023-01-20 16:00:00,42.12947973585173
2023-01-20 17:00:00,44.67342934109421
2023-01-20 18:00:00,43.5831033272589
2023-01-20 19:00:00,44.9788943883579
2023-01-20 20:00:00,42.221389694206195
2023-01-20 21:00:00,43.66156285320396
2023-01-20 22:00:00,44.90790760685729
2023-01-20 23:00:00,43.56929353251044
2023-01-21 00:00:00,43.888195914405784
2023-01-21 01:00:00,44.08724606695385
2023-01-21 02:00:00,43.36362319430332
2023-01-21 03:00:00,43.88267424025219
2023-01-21 04:00:00,43.7529429357693
2023-01-21 05:00:00,44.703474031472965
2023-01-21 06:00:00,42.13633914102437
2023-01-21 07:00:00,42.84288956877669
2023-01-21 08:00:00,44.851234452229676
2023-01-21 09:00:00,44.67079135167275
2023-01-21 10:00:00,43.36697025835714
2023-01-21 11:00:00,43.86039779340461
2023-01-21 12:00:00,42.8321435489434
2023-01-21 13:00:00,42.564363479171284
2023-01-21 14:00:00,43.39109521481995
2023-01-21 15:00:00,43.060056684078155
2023-01-21 16:00:00,43.750968335552614
2023-01-21 17:00:00,42.23320391089496
2023-01-21 18:00:00,44.9231844229985
2023-01-21 19:00:00,44.958632233438806
2023-01-21 20:00:00,44.094485142059234
2023-01-21 21:00:00,43.60828909903236
2023-01-21 22:00:00,42.92858284885898
2023-01-21 23:00:00,44.44138505912085
2023-01-22 00:00:00,44.05419351766164
2023-01-22 01:00:00,42.48785081803467
2023-01-22 02:00:00,44.73278155348153
2023-01-22 03:00:00,44.467611728769505
2023-01-22 04:00:00,44.84939973987577
2023-01-22 05:00:00,44.17715852516508
2023-01-22 06:00:00,43.84024558780737
2023-01-22 07:00:00,43.25472910887186
2023-01-22 08:00:00,44.79818545006204
2023-01-22 09:00:00,44.59819166850122
2023-01-22 10:00:00,42.13565601031857
2023-01-22 11:00:00,42.07910092349176
2023-01-22 12:00:00,43.12939010063415
2023-01-22 13:00:00,44.4316599923455
2023-01-22 14:00:00,44.961828387944834
2023-01-22 15:00:00,42.45125067331058
2023-01-22 16:00:00,43.7823921460564
2023-01-22 17:00:00,43.142672569893065
2023-01-22 18:00:00,44.90974319344381
2023-01-22 19:00:00,44.52635676940713
2023-01-22 20:00:00,44.514986114133414
2023-01-22 21:00:00,43.406079479384914
2023-01-22 22:00:00,43.24445850701299
2023-01-22 23:00:00,42.82022121579212
2023-01-23 00:00:00,42.16912648995278
2023-01-23 01:00:00,44.59416712876516
2023-01-23 02:00:00,44.43870302739023
2023-01-23 03:00:00,44.99915301985839
2023-01-23 04:00:00,44.989910511221716
2023-01-23 05:00:00,43.66629511680788
2023-01-23 06:00:00,44.306962245541534
2023-01-23 07:00:00,44.83429718964729
2023-01-23 08:00:00,44.548942172032234
2023-01-23 09:00:00,42.74204430522959
2023-01-23 10:00:00,43.35163240593028
2023-01-23 11:00:00,42.38747824545449
2023-01-23 12:00:00,44.86215308177617
2023-01-23 13:00:00,43.81852390335264
2023-01-23 14:00:00,42.685928416510386
2023-01-23 15:00:00,44.01510205321757
2023-01-23 16:00:00,43.85438472137369
2023-01-23 17:00:00,43.074488154098525
2023-01-23 18:00:00,42.340672776598886
2023-01-23 19:00:00,44.0147195867784
2023-01-23 20:00:00,43.56092310271138
2023-01-23 21:00:00,44.31695517520692
2023-01-23 22:00:00,43.56049050333598
2023-01-23 23:00:00,44.55654450095562
2023-01-24 00:00:00,43.655720516323456
2023-01-24 01:00:00,43.68281391460616
2023-01-24 02:00:00,44.62996080797504
2023-01-24 03:00:00,43.21044859863719
2023-01-24 04:00:00,42.40204568535192
2023-01-24 05:00:00,42.086348028940016
2023-01-24 06:00:00,44.26541176702086
2023-01-24 07:00:00,43.860928654060395
2023-01-24 08:00:00,44.112239304297674
2023-01-24 09:00:00,42.638892484526735
2023-01-24 10:00:00,42.40911442676031
2023-01-24 11:00:00,42.043633997003646
2023-01-24 12:00:00,43.05176267641979
2023-01-24 13:00:00,43.7697530605639
2023-01-24 14:00:00,43.1767321352992
2023-01-24 15:00:00,43.31242476607119
2023-01-24 16:00:00,44.71247608348124
2023-01-24 17:00:00,43.0447664010699
2023-01-24 18:00:00,43.541968467479435
2023-01-24 19:00:00,44.35095903822343
2023-01-24 20:00:00,43.18962834696381
2023-01-24 21:00:00,43.86626010068362
2023-01-24 22:00:00,44.58709112624024
2023-01-24 23:00:00,44.84856187097293
2023-01-25 00:00:00,42.44122044278711
2023-01-25 01:00:00,44.77976287548448
2023-01-25 02:00:00,43.476348879238614
2023-01-25 03:00:00,42.77473316489687
2023-01-25 04:00:00,43.377407268714784
2023-01-25 05:00:00,44.94009772585643
2023-01-25 06:00:00,43.47785428197861
2023-01-25 07:00:00,42.98625483086253
2023-01-25 08:00:00,43.90020256295018
2023-01-25 09:00:00,42.72043685633458
2023-01-25 10:00:00,42.227589984325995
2023-01-25 11:00:00,42.38663916573195
2023-01-25 12:00:00,42.38413751687332
2023-01-25 13:00:00,42.45570808053688
2023-01-25 14:00:00,42.41648151794823
2023-01-25 15:00:00,43.922624234409646
2023-01-25 16:00:00,42.54564025319743
2023-01-25 17:00:00,43.03700184997159
2023-01-25 18:00:00,44.69036522971803
2023-01-25 19:00:00,43.421884920788614
2023-01-25 20:00:00,44.00267321556308
2023-01-25 21:00:00,42.51695961360489
2023-01-25 22:00:00,42.57686705642601
2023-01-25 23:00:00,42.12260584879944
2023-01-26 00:00:00,42.50680518921649
2023-01-26 01:00:00,42.83577101709587
2023-01-26 02:00:00,42.53103145283024
2023-01-26 03:00:00,42.266107601271166
2023-01-26 04:00:00,42.3619076133018
2023-01-26 05:00:00,43.382336304098175
2023-01-26 06:00:00,42.619001155217376
2023-01-26 07:00:00,43.09280958314422
2023-01-26 08:00:00,43.51025181256457
2023-01-26 09:00:00,44.0711844858881
2023-01-26 10:00:00,42.117936419523296
2023-01-26 11:00:00,44.398231196727124
2023-01-26 12:00:00,43.883701168472726
2023-01-26 13:00:00,42.24527709584662
2023-01-26 14:00:00,44.62073587232033
2023-01-26 15:00:00,44.76261720159544
2023-01-26 16:00:00,42.18323387956459
2023-01-26 17:00:00,42.83063294444161
2023-01-26 18:00:00,44.41860383937919
2023-01-26 19:00:00,44.24477907115097
2023-01-26 20:00:00,42.55356305806913
2023-01-26 21:00:00,42.62804797001013
2023-01-26 22:00:00,43.111416308374146
2023-01-26 23:00:00,43.45356895557306
2023-01-27 00:00:00,43.85476431459089
2023-01-27 01:00:00,43.10674091870932
2023-01-27 02:00:00,43.38760414839945
2023-01-27 03:00:00,44.24241281440127
2023-01-27 04:00:00,42.110049608671794
2023-01-27 05:00:00,42.757310833032065
2023-01-27 06:00:00,44.14004875765366
2023-01-27 07:00:00,44.6856205130616
2023-01-27 08:00:00,43.535032326347
2023-01-27 09:00:00,43.596340455795946
2023-01-27 10:00:00,42.321516034019325
2023-01-27 11:00:00,43.34223710047036
2023-01-27 12:00:00,43.59785179936507
2023-01-27 13:00:00,42.72741151090419
2023-01-27 14:00:00,42.80772969284814
2023-01-27 15:00:00,43.13185248931387
2023-01-27 16:00:00,42.06021359333318
2023-01-27 17:00:00,42.966237496749535
2023-01-27 18:00:00,42.63434402098964
2023-01-27 19:00:00,42.982492056533744
2023-01-27 20:00:00,42.35928639545775
2023-01-27 21:00:00,44.67158184221969
2023-01-27 22:00:00,43.78077736066214
2023-01-27 23:00:00,44.03730695743347
2023-01-28 00:00:00,44.367513715822014
2023-01-28 01:00:00,43.49532659678717
2023-01-28 02:00:00,42.260760864262274
2023-01-28 03:00:00,43.61131962545564
2023-01-28 04:00:00,43.760523354062634
2023-01-28 05:00:00,44.23631842255299
2023-01-28 06:00:00,43.29497863868904
2023-01-28 07:00:00,42.382740908386694
2023-01-28 08:00:00,42.851327717396174
2023-01-28 09:00:00,43.089246889195906
2023-01-28 10:00:00,43.9377517239948
2023-01-28 11:00:00,43.71233491400674
2023-01-28 12:00:00,43.06829017769354
2023-01-28 13:00:00,44.959545746378936
2023-01-28 14:00:00,43.81732445807066
2023-01-28 15:00:00,42.71168037520798
2023-01-28 16:00:00,42.30534741786121
2023-01-28 17:00:00,42.458577417552995
2023-01-28 18:00:00,42.737873185153525
2023-01-28 19:00:00,42.482044119778664
2023-01-28 20:00:00,42.55970107215392
2023-01-28 21:00:00,42.85528550608154
2023-01-28 22:00:00,42.52012078588427
2023-01-28 23:00:00,44.69029627387928
2023-01-29 00:00:00,42.240701236984926
2023-01-29 01:00:00,43.573534168710765
2023-01-29 02:00:00,43.23119048096898
2023-01-29 03:00:00,44.94713585072582
2023-01-29 04:00:00,42.33611670650416
2023-01-29 05:00:00,43.19356679713722
2023-01-29 06:00:00,44.908411299826106
2023-01-29 07:00:00,44.59652137768194
2023-01-29 08:00:00,44.45121621284784
2023-01-29 09:00:00,42.77370848113482
2023-01-29 10:00:00,42.512662762170194
2023-01-29 11:00:00,44.005929659773294
2023-01-29 12:00:00,44.788127967382756
2023-01-29 13:00:00,43.67028867904179
2023-01-29 14:00:00,43.7148380684097
2023-01-29 15:00:00,42.839937280980855
2023-01-29 16:00:00,44.30847879957581
2023-01-29 17:00:00,42.56113124567257
2023-01-29 18:00:00,42.97103770921273
2023-01-29 19:00:00,43.27630931584925
2023-01-29 20:00:00,43.52283113605336
2023-01-29 21:00:00,42.727229197245244
2023-01-29 22:00:00,42.344510474217614
2023-01-29 23:00:00,43.831860127324894
2023-01-30 00:00:00,42.865891659720766
2023-01-30 01:00:00,43.743714664267834
2023-01-30 02:00:00,42.46308814582261
2023-01-30 03:00:00,43.44342030556445
2023-01-30 04:00:00,43.59776829765476
2023-01-30 05:00:00,42.15547061046728
2023-01-30 06:00:00,43.00981283458176
2023-01-30 07:00:00,42.40324403081692
2023-01-30 08:00:00,42.1901249114183
2023-01-30 09:00:00,44.969880697169835
2023-01-30 10:00:00,42.96706153492417
2023-01-30 11:00:00,44.4296233375639
2023-01-30 12:00:00,42.76392196429129
2023-01-30 13:00:00,44.04450816667179
2023-01-30 14:00:00,44.28068357966906
2023-01-30 15:00:00,43.78691622182353
2023-01-30 16:00:00,43.41472856565048
2023-01-30 17:00:00,43.23552274244181
2023-01-30 18:00:00,43.04660479962899
2023-01-30 19:00:00,44.788587432743476
2023-01-30 20:00:00,44.49185822336319
2023-01-30 21:00:00,44.895080731999535
2023-01-30 22:00:00,42.37289167045663
2023-01-30 23:00:00,44.192602425610936
2023-01-31 00:00:00,44.815021370463114
2023-01-31 01:00:00,42.54369919849698
2023-01-31 02:00:00,42.19948880210033
2023-01-31 03:00:00,44.223361947870174
2023-01-31 04:00:00,43.72341933953974
2023-01-31 05:00:00,44.525486330274816
2023-01-31 06:00:00,42.41931712987887
2023-01-31 07:00:00,44.38580193557967
2023-01-31 08:00:00,42.60488196014323
2023-01-31 09:00:00,42.490967828597114
2023-01-31 10:00:00,42.492797393792976
2023-01-31 11:00:00,44.443724160694146
2023-01-31 12:00:00,43.9955916620886
2023-01-31 13:00:00,43.56919627430736
2023-01-31 14:00:00,43.076491452370504
2023-01-31 15:00:00,44.63160162243933
2023-01-31 16:00:00,43.17733532226791
2023-01-31 17:00:00,44.44979831841473
2023-01-31 18:00:00,43.31740472571065
2023-01-31 19:00:00,43.13083328827472
2023-01-31 20:00:00,43.38803935700882
2023-01-31 21:00:00,42.904133622492424
2023-01-31 22:00:00,44.24282814052875
2023-01-31 23:00:00,43.50816117027744
2023-02-01 00:00:00,42.696638085440455
2023-02-01 01:00:00,44.698723719823704
2023-02-01 02:00:00,43.151673664119635
2023-02-01 03:00:00,43.63065858334197
2023-02-01 04:00:00,44.719416332893644
2023-02-01 05:00:00,43.872713987741975
2023-02-01 06:00:00,42.35069412212509
2023-02-01 07:00:00,44.819496370840426
2023-02-01 08:00:00,43.883124159214255
2023-02-01 09:00:00,43.00471684397126
2023-02-01 10:00:00,42.417816217990165
2023-02-01 11:00:00,44.38207556781089
2023-02-01 12:00:00,43.86021826778554
2023-02-01 13:00:00,43.60038327592896
2023-02-01 14:00:00,44.681677749152875
2023-02-01 15:00:00,44.365791633673595
2023-02-01 16:00:00,42.45502463919826
2023-02-01 17:00:00,42.93516620338664
2023-02-01 18:00:00,42.7454674194434
2023-02-01 19:00:00,44.23183887771803
2023-02-01 20:00:00,42.10059730420734
2023-02-01 21:00:00,43.70966905461395
2023-02-01 22:00:00,44.28737605722207
2023-02-01 23:00:00,44.630296910285246
2023-02-02 00:00:00,43.026245246147724
2023-02-02 01:00:00,44.463771914016036
2023-02-02 02:00:00,42.331895210865625
2023-02-02 03:00:00,44.53935687520355
2023-02-02 04:00:00,42.382465986995946
2023-02-02 05:00:00,43.1918618716811
2023-02-02 06:00:00,44.39188609733866
2023-02-02 07:00:00,42.44975228204632
2023-02-02 08:00:00,42.687754185697926
2023-02-02 09:00:00,44.1667577051792
2023-02-02 10:00:00,44.160109609638226
2023-02-02 11:00:00,43.92344289865589
2023-02-02 12:00:00,44.0818453334013
2023-02-02 13:00:00,43.62817333004279
2023-02-02 14:00:00,42.755397176720855
2023-02-02 15:00:00,43.03708798051176
2023-02-02 16:00:00,42.544793150404274
2023-02-02 17:00:00,44.725351684000884
2023-02-02 18:00:00,43.75017538429836
2023-02-02 19:00:00,43.202554250290916
2023-02-02 20:00:00,43.386017410932396
2023-02-02 21:00:00,44.841850018835444
2023-02-02 22:00:00,42.46005420934824
2023-02-02 23:00:00,43.758689496050394
2023-02-03 00:00:00,43.517666036653395
2023-02-03 01:00:00,43.83436270630394
2023-02-03 02:00:00,42.05433055146252
2023-02-03 03:00:00,44.616371726832455
2023-02-03 04:00:00,44.796354847450836
2023-02-03 05:00:00,43.695399550767625
2023-02-03 06:00:00,44.089952471630674
2023-02-03 07:00:00,44.76749814353189
2023-02-03 08:00:00,44.121715902940196
2023-02-03 09:00:00,42.45761712874278
2023-02-03 10:00:00,43.72886508050044
2023-02-03 11:00:00,43.820145139148565
2023-02-03 12:00:00,43.27239201390716
2023-02-03 13:00:00,44.20933270687417
2023-02-03 14:00:00,44.80310104430704
2023-02-03 15:00:00,44.77670553872033
2023-02-03 16:00:00,43.352518114212394
2023-02-03 17:00:00,42.339714137522265
2023-02-03 18:00:00,44.954523596887
2023-02-03 19:00:00,44.516694259337804
2023-02-03 20:00:00,42.3739880436098
2023-02-03 21:00:00,44.762525647852115
2023-02-03 22:00:00,44.609689086186386
2023-02-03 23:00:00,43.55651417137822
2023-02-04 00:00:00,43.773826307234785
2023-02-04 01:00:00,43.197008111610394
2023-02-04 02:00:00,42.164284916466094
2023-02-04 03:00:00,43.0055917249377
2023-02-04 04:00:00,44.40856034579404
2023-02-04 05:00:00,42.01389606901381
2023-02-04 06:00:00,43.000497515073434
2023-02-04 07:00:00,43.19450608077283
2023-02-04 08:00:00,43.61218680881377
2023-02-04 09:00:00,44.75956684923828
2023-02-04 10:00:00,43.039037983097884
2023-02-04 11:00:00,43.04085960568868
2023-02-04 12:00:00,44.21250374432925
2023-02-04 13:00:00,43.35665382266942
2023-02-04 14:00:00,42.67381446881995
2023-02-04 15:00:00,43.357318548398084
2023-02-04 16:00:00,42.4225710611394
2023-02-04 17:00:00,42.52916095951867
2023-02-04 18:00:00,43.49510331821844
2023-02-04 19:00:00,43.25677634851365
2023-02-04 20:00:00,44.7445377032043
2023-02-04 21:00:00,43.0871816973499
2023-02-04 22:00:00,43.74176505083413
2023-02-04 23:00:00,43.89679286375859
2023-02-05 00:00:00,42.039283369765
2023-02-05 01:00:00,43.99061211605013
2023-02-05 02:00:00,42.53410790060926
2023-02-05 03:00:00,44.88321095240836
2023-02-05 04:00:00,42.44598818325934
2023-02-05 05:00:00,43.24387237118107
2023-02-05 06:00:00,42.25604900423593
2023-02-05 07:00:00,44.99062275553784
2023-02-05 08:00:00,43.506585030993726
2023-02-05 09:00:00,43.78615505196013
2023-02-05 10:00:00,42.201229432165285
2023-02-05 11:00:00,44.249881411197535
2023-02-05 12:00:00,42.62971677928676
2023-02-05 13:00:00,44.69416286832214
2023-02-05 14:00:00,42.61541892144602
2023-02-05 15:00:00,42.572063161991
2023-02-05 16:00:00,42.109649003544284
2023-02-05 17:00:00,43.416200835329995
2023-02-05 18:00:00,43.69452339978785
2023-02-05 19:00:00,42.19712591828506
2023-02-05 20:00:00,44.32658285008503
2023-02-05 21:00:00,43.35986650424408
2023-02-05 22:00:00,43.57317080798274
2023-02-05 23:00:00,43.322288240814686
2023-02-06 00:00:00,43.202289182625975
2023-02-06 01:00:00,43.678920993924656
2023-02-06 02:00:00,42.46572073779214
2023-02-06 03:00:00,42.54578439148581
2023-02-06 04:00:00,44.58535686304055
2023-02-06 05:00:00,44.8383463864009
2023-02-06 06:00:00,43.11992794883926
2023-02-06 07:00:00,42.81223401943066
2023-02-06 08:00:00,43.93199862971705
2023-02-06 09:00:00,43.22620251329429
2023-02-06 10:00:00,42.076159066981035
2023-02-06 11:00:00,42.46845779209857
2023-02-06 12:00:00,44.14791668654219
2023-02-06 13:00:00,43.97677182573045
2023-02-06 14:00:00,42.08128797751045
2023-02-06 15:00:00,42.665916485798846
2023-02-06 16:00:00,42.69322438976421
2023-02-06 17:00:00,44.01567823079618
2023-02-06 18:00:00,42.05913161326309
2023-02-06 19:00:00,42.31232574595372
2023-02-06 20:00:00,44.399748256119565
2023-02-06 21:00:00,42.535633986163
2023-02-06 22:00:00,43.958238323555626
2023-02-06 23:00:00,42.71454834314018
2023-02-07 00:00:00,42.29832417827804
2023-02-07 01:00:00,42.729516572998364
2023-02-07 02:00:00,44.16680079556698
2023-02-07 03:00:00,44.56708940431886
2023-02-07 04:00:00,44.490659593700975
2023-02-07 05:00:00,43.191550588855364
2023-02-07 06:00:00,44.00425540971194
2023-02-07 07:00:00,42.614952886247465
2023-02-07 08:00:00,42.87944319078304
2023-02-07 09:00:00,44.689007455563356
2023-02-07 10:00:00,42.039005770532206
2023-02-07 11:00:00,42.256525592563406
2023-02-07 12:00:00,42.62365876543808
2023-02-07 13:00:00,42.07959661162146
2023-02-07 14:00:00,42.544306305269394
2023-02-07 15:00:00,43.74912468290908
2023-02-07 16:00:00,43.26427365177749
2023-02-07 17:00:00,44.67801513323092
2023-02-07 18:00:00,44.45233068521532
2023-02-07 19:00:00,43.02545205509363
2023-02-07 20:00:00,42.778270300293876
2023-02-07 21:00:00,43.139077224501804
2023-02-07 22:00:00,43.77088482754442
2023-02-07 23:00:00,42.80419092246863
2023-02-08 00:00:00,43.872446723547405
2023-02-08 01:00:00,43.22823495657372
2023-02-08 02:00:00,43.65614154255594
2023-02-08 03:00:00,43.30837958740595
2023-02-08 04:00:00,42.88339727862575
2023-02-08 05:00:00,44.84535992088647
2023-02-08 06:00:00,44.29081738247928
2023-02-08 07:00:00,42.420339527299355
2023-02-08 08:00:00,44.605403927693736
2023-02-08 09:00:00,43.462293594748544
2023-02-08 10:00:00,44.683656680682276
2023-02-08 11:00:00,44.39956576784195
2023-02-08 12:00:00,43.2756405134077
2023-02-08 13:00:00,42.06740792496035
2023-02-08 14:00:00,42.806032078154836
2023-02-08 15:00:00,43.6249026439826
2023-02-08 16:00:00,43.90043465947844
2023-02-08 17:00:00,42.773663056299604
2023-02-08 18:00:00,42.41806822221847
2023-02-08 19:00:00,44.5047907103979
2023-02-08 20:00:00,44.95320654211066
2023-02-08 21:00:00,43.57707054690806
2023-02-08 22:00:00,42.51503785754491
2023-02-08 23:00:00,42.81692197955811
2023-02-09 00:00:00,42.0551720296424
2023-02-09 01:00:00,44.7428964196815
2023-02-09 02:00:00,42.35325324867043
2023-02-09 03:00:00,43.72954942654276
2023-02-09 04:00:00,42.82216566206162
2023-02-09 05:00:00,43.66253400754738
2023-02-09 06:00:00,43.95426116505559
2023-02-09 07:00:00,44.4892254111216
2023-02-09 08:00:00,42.61926381528181
2023-02-09 09:00:00,42.03298748597544
2023-02-09 10:00:00,42.410656890206425
2023-02-09 11:00:00,44.70005592554431
2023-02-09 12:00:00,44.62167023268755
2023-02-09 13:00:00,43.79223930651092
2023-02-09 14:00:00,43.80155058130096
2023-02-09 15:00:00,43.995110023638766
2023-02-09 16:00:00,42.52611383587035
2023-02-09 17:00:00,44.743235837774876
2023-02-09 18:00:00,43.25631157467622
2023-02-09 19:00:00,43.14941558474849
2023-02-09 20:00:00,43.556753115848515
2023-02-09 21:00:00,42.140897900325164
2023-02-09 22:00:00,42.498850106268236
2023-02-09 23:00:00,44.21410084927911
2023-02-10 00:00:00,42.248396003775376
2023-02-10 01:00:00,43.809456328399165
2023-02-10 02:00:00,42.73604732904396
2023-02-10 03:00:00,43.16788684212593
2023-02-10 04:00:00,42.8660812103121
2023-02-10 05:00:00,43.06701814939485
2023-02-10 06:00:00,44.157137715552736
2023-02-10 07:00:00,42.891365146869525
2023-02-10 08:00:00,43.69921392089069
2023-02-10 09:00:00,43.4281512065973
2023-02-10 10:00:00,43.991013496087945
2023-02-10 11:00:00,44.81048921797427
2023-02-10 12:00:00,44.19771629163075
2023-02-10 13:00:00,42.64482113577227
2023-02-10 14:00:00,42.09354940518386
2023-02-10 15:00:00,42.78679213289948
2023-02-10 16:00:00,43.78523379210076
2023-02-10 17:00:00,42.15427744045275
2023-02-10 18:00:00,43.48909874160371
2023-02-10 19:00:00,43.790528546750664
2023-02-10 20:00:00,43.002731672450885
2023-02-10 21:00:00,44.31273661123747
2023-02-10 22:00:00,42.31979475940132
2023-02-10 23:00:00,42.22541334520743
2023-02-11 00:00:00,44.18456626861081
2023-02-11 01:00:00,43.486473948618595
2023-02-11 02:00:00,44.06520718928321
2023-02-11 03:00:00,43.30448201581124
2023-02-11 04:00:00,42.73920609971732
2023-02-11 05:00:00,44.4573069530226
2023-02-11 06:00:00,44.39824763690694
2023-02-11 07:00:00,44.08408941256328
2023-02-11 08:00:00,42.81643541168989
2023-02-11 09:00:00,43.77069200060726
2023-02-11 10:00:00,43.08292169082008
2023-02-11 11:00:00,42.2747462199799
2023-02-11 12:00:00,44.75194072638673
2023-02-11 13:00:00,42.410455892756886
2023-02-11 14:00:00,44.85071206146241
2023-02-11 15:00:00,43.33801731887387
2023-02-11 16:00:00,42.55539878651586
2023-02-11 17:00:00,43.62570284213508
2023-02-11 18:00:00,44.61883750762922
2023-02-11 19:00:00,44.196674659228684
2023-02-11 20:00:00,44.41968344358435
2023-02-11 21:00:00,43.97635010013215
2023-02-11 22:00:00,44.076829693553556
2023-02-11 23:00:00,44.54758695469596
2023-02-12 00:00:00,42.74900402657756
2023-02-12 01:00:00,43.46827489092942
2023-02-12 02:00:00,42.66362832545881
2023-02-12 03:00:00,44.96300402398994
2023-02-12 04:00:00,44.83217801905984
2023-02-12 05:00:00,42.118280434105515
2023-02-12 06:00:00,44.11672551754707
2023-02-12 07:00:00,44.775744952246995
2023-02-12 08:00:00,42.541726035382
2023-02-12 09:00:00,43.703835691657886
2023-02-12 10:00:00,44.74646489276412
2023-02-12 11:00:00,42.101837935757395
2023-02-12 12:00:00,44.09226080174052
2023-02-12 13:00:00,42.89204702211765
2023-02-12 14:00:00,44.77318858612959
2023-02-12 15:00:00,44.913174735496106
2023-02-12 16:00:00,44.8327994673403
2023-02-12 17:00:00,43.42264264997239
2023-02-12 18:00:00,44.58612795296794
2023-02-12 19:00:00,44.53364819560521
2023-02-12 20:00:00,42.95730141972977
2023-02-12 21:00:00,44.48674642245203
2023-02-12 22:00:00,42.11102290414648
2023-02-12 23:00:00,43.78880963544616
2023-02-13 00:00:00,42.69002651186311
2023-02-13 01:00:00,42.36170065733184
2023-02-13 02:00:00,42.23085960488763
2023-02-13 03:00:00,44.08886632763442
2023-02-13 04:00:00,43.0196248913042
2023-02-13 05:00:00,44.17430031458628
2023-02-13 06:00:00,42.19606902239683
2023-02-13 07:00:00,42.94587101349183
2023-02-13 08:00:00,43.618473877126014
2023-02-13 09:00:00,44.37216949451689
2023-02-13 10:00:00,42.95625750879621
2023-02-13 11:00:00,43.877674129311025
2023-02-13 12:00:00,44.65793324470856
2023-02-13 13:00:00,43.847589564546915
2023-02-13 14:00:00,42.698878424260904
2023-02-13 15:00:00,42.07320234466962
2023-02-13 16:00:00,44.61029662170279
2023-02-13 17:00:00,42.06380823255116
2023-02-13 18:00:00,44.624105018052596
2023-02-13 19:00:00,43.586811402081636
2023-02-13 20:00:00,44.81720309553869
2023-02-13 21:00:00,44.396349707320994
2023-02-13 22:00:00,44.993802331600016
2023-02-13 23:00:00,43.05213544635513
2023-02-14 00:00:00,44.30156486679338
2023-02-14 01:00:00,43.205792740827725
2023-02-14 02:00:00,43.43962686091173
2023-02-14 03:00:00,43.88251638965511
2023-02-14 04:00:00,44.621031342559014
2023-02-14 05:00:00,44.95225040759789
2023-02-14 06:00:00,44.30482024159355
2023-02-14 07:00:00,43.253300346502
2023-02-14 08:00:00,43.26407100683121
2023-02-14 09:00:00,44.212746904766675
2023-02-14 10:00:00,42.71633143730491
2023-02-14 11:00:00,42.33142233939419
2023-02-14 12:00:00,43.06386647292233
2023-02-14 13:00:00,42.86171697496224
2023-02-14 14:00:00,42.88892436136797
2023-02-14 15:00:00,42.70082325314973
2023-02-14 16:00:00,42.126279568909084
2023-02-14 17:00:00,42.05362180420024
2023-02-14 18:00:00,44.96316716920809
2023-02-14 19:00:00,43.283319401207585
2023-02-14 20:00:00,43.152979941479046
2023-02-14 21:00:00,44.03894184807921
2023-02-14 22:00:00,42.654761663595195
2023-02-14 23:00:00,44.849883551850674
2023-02-15 00:00:00,44.35903504324666
2023-02-15 01:00:00,42.268233006936775
2023-02-15 02:00:00,43.25274232735479
2023-02-15 03:00:00,44.63735492268649
2023-02-15 04:00:00,44.83419606687423
2023-02-15 05:00:00,43.40220453374961
2023-02-15 06:00:00,43.840234167632126
2023-02-15 07:00:00,42.50110183827623
2023-02-15 08:00:00,44.97350587841093
2023-02-15 09:00:00,42.69501510415033
2023-02-15 10:00:00,44.82819532240538
2023-02-15 11:00:00,43.948939946977106
2023-02-15 12:00:00,43.823210384636575
2023-02-15 13:00:00,43.538065533049526
2023-02-15 14:00:00,42.692009435153274
2023-02-15 15:00:00,42.52958409601653
2023-02-15 16:00:00,42.66145862721053
2023-02-15 17:00:00,42.559314786432765
2023-02-15 18:00:00,44.33875342070026
2023-02-15 19:00:00,43.05037577750019
2023-02-15 20:00:00,42.17352802969019
2023-02-15 21:00:00,44.90730789042243
2023-02-15 22:00:00,44.651357654890276
2023-02-15 23:00:00,44.78325684958564
2023-02-16 00:00:00,44.984723467939304
2023-02-16 01:00:00,42.52168574765846
2023-02-16 02:00:00,43.18872605670798
2023-02-16 03:00:00,44.27471542711228
2023-02-16 04:00:00,44.088061854161374
2023-02-16 05:00:00,42.461687719019565
2023-02-16 06:00:00,44.447499374971855
2023-02-16 07:00:00,42.673321715509985
2023-02-16 08:00:00,42.67145284446787
2023-02-16 09:00:00,43.61092326868024
2023-02-16 10:00:00,43.77881980452511
2023-02-16 11:00:00,43.740258623513434
2023-02-16 12:00:00,42.274460512193265
2023-02-16 13:00:00,44.63238258789114
2023-02-16 14:00:00,42.79680012776612
2023-02-16 15:00:00,42.388544763848415
2023-02-16 16:00:00,44.66624423960693
2023-02-16 17:00:00,44.86695449468926
2023-02-16 18:00:00,44.58638285179635
2023-02-16 19:00:00,44.428548224174634
2023-02-16 20:00:00,43.965725941917064
2023-02-16 21:00:00,43.65257211182742
2023-02-16 22:00:00,42.26096027973423
2023-02-16 23:00:00,43.225359639212094
2023-02-17 00:00:00,43.11806555103694
2023-02-17 01:00:00,42.77926135128098
2023-02-17 02:00:00,44.170260341065756
2023-02-17 03:00:00,43.487627205236315
2023-02-17 04:00:00,42.243138647722944
2023-02-17 05:00:00,42.66054960584943
2023-02-17 06:00:00,44.04977629097879
2023-02-17 07:00:00,42.2283925784709
2023-02-17 08:00:00,44.55362074214631
2023-02-17 09:00:00,43.48543958104192
2023-02-17 10:00:00,43.44175973197994
2023-02-17 11:00:00,43.777223353978556
2023-02-17 12:00:00,44.47404289777545
2023-02-17 13:00:00,43.04342762370658
2023-02-17 14:00:00,44.03404845767719
2023-02-17 15:00:00,43.69719589198737
2023-02-17 16:00:00,42.801084810508264
2023-02-17 17:00:00,44.63588995906547
2023-02-17 18:00:00,44.392278064820786
2023-02-17 19:00:00,43.97535550397528
2023-02-17 20:00:00,44.55174518728273
2023-02-17 21:00:00,44.60188260287941
2023-02-17 22:00:00,44.125088930145104
2023-02-17 23:00:00,44.51103998509102
2023-02-18 00:00:00,44.09241438500785
2023-02-18 01:00:00,44.0404223152809
2023-02-18 02:00:00,43.855834134645555
2023-02-18 03:00:00,44.25814991867293
2023-02-18 04:00:00,42.475815315879224
2023-02-18 05:00:00,44.64261227759678
2023-02-18 06:00:00,44.615530583235696
2023-02-18 07:00:00,42.08774184910368
2023-02-18 08:00:00,44.477450251694286
2023-02-18 09:00:00,42.386609602420336
2023-02-18 10:00:00,43.00535656277743
2023-02-18 11:00:00,44.23052476887482
2023-02-18 12:00:00,42.48227968814493
2023-02-18 13:00:00,44.45390107235718
2023-02-18 14:00:00,44.49640253387322
2023-02-18 15:00:00,43.52240320128251
2023-02-18 16:00:00,42.0191576151505
2023-02-18 17:00:00,42.86111439952474
2023-02-18 18:00:00,43.850780755127225
2023-02-18 19:00:00,44.94355853408227
2023-02-18 20:00:00,43.89544058105
2023-02-18 21:00:00,42.77941074319248
2023-02-18 22:00:00,43.90201710929883
2023-02-18 23:00:00,43.61995613914757
2023-02-19 00:00:00,44.33953618545343
2023-02-19 01:00:00,42.320941916480876
2023-02-19 02:00:00,44.28308370750609
2023-02-19 03:00:00,43.62379973602833
2023-02-19 04:00:00,44.888976011576986
2023-02-19 05:00:00,43.02561649811606
2023-02-19 06:00:00,43.897865679401846
2023-02-19 07:00:00,44.796084316530056
2023-02-19 08:00:00,42.307529183972036
2023-02-19 09:00:00,44.81168546170935
2023-02-19 10:00:00,44.06365716690244
2023-02-19 11:00:00,42.20351117731551
2023-02-19 12:00:00,42.90289070084045
2023-02-19 13:00:00,44.124516265935846
2023-02-19 14:00:00,42.20205180440632
2023-02-19 15:00:00,43.74651138052882
2023-02-19 16:00:00,43.03764917085887
2023-02-19 17:00:00,43.86274655330243
2023-02-19 18:00:00,42.13722610143754
2023-02-19 19:00:00,44.614610418457126
2023-02-19 20:00:00,44.92046690753219
2023-02-19 21:00:00,44.90663356585708
2023-02-19 22:00:00,44.24895549522877
2023-02-19 23:00:00,42.3902587203919
2023-02-20 00:00:00,44.27478958778707
2023-02-20 01:00:00,42.073760749376405
2023-02-20 02:00:00,42.06637065458699
2023-02-20 03:00:00,42.97083065744862
2023-02-20 04:00:00,43.465929571214
2023-02-20 05:00:00,44.31122225342338
2023-02-20 06:00:00,44.04988612981951
2023-02-20 07:00:00,43.33770811913025
2023-02-20 08:00:00,42.820879998845
2023-02-20 09:00:00,44.99137350047313
2023-02-20 10:00:00,43.27854390670792
2023-02-20 11:00:00,43.35416107298903
2023-02-20 12:00:00,42.490871463575004
2023-02-20 13:00:00,44.38442864624979
2023-02-20 14:00:00,44.08104667734447
2023-02-20 15:00:00,42.66230883836628
2023-02-20 16:00:00,42.24714313684753
2023-02-20 17:00:00,44.04149790622414
2023-02-20 18:00:00,43.96353364284341
2023-02-20 19:00:00,42.81977858099463
2023-02-20 20:00:00,44.85259068675123
2023-02-20 21:00:00,42.453173675342704
2023-02-20 22:00:00,43.29700440312781
2023-02-20 23:00:00,44.8308477605028
2023-02-21 00:00:00,43.25918195077837
2023-02-21 01:00:00,43.915577842992256
2023-02-21 02:00:00,43.19278319388838
2023-02-21 03:00:00,42.82264560704601
2023-02-21 04:00:00,44.951932943879484
2023-02-21 05:00:00,43.228002018945126
2023-02-21 06:00:00,44.682297611037406
2023-02-21 07:00:00,42.689863817673256
2023-02-21 08:00:00,42.63931411207525
2023-02-21 09:00:00,42.09340224865353
2023-02-21 10:00:00,43.95500047612766
2023-02-21 11:00:00,43.10557903117128
2023-02-21 12:00:00,44.59307474951891
2023-02-21 13:00:00,43.419629720074674
2023-02-21 14:00:00,44.90458028374417
2023-02-21 15:00:00,42.556576547109366
2023-02-21 16:00:00,44.605869503866835
2023-02-21 17:00:00,44.32979055837522
2023-02-21 18:00:00,44.31276553393216
2023-02-21 19:00:00,44.534349684350666
2023-02-21 20:00:00,44.283071972829
2023-02-21 21:00:00,43.878660964894245
2023-02-21 22:00:00,42.39373463304716
2023-02-21 23:00:00,42.097578538473755
2023-02-22 00:00:00,44.76254354344706
2023-02-22 01:00:00,43.84995094356221
2023-02-22 02:00:00,44.389611872928526
2023-02-22 03:00:00,43.44456705453765
2023-02-22 04:00:00,42.351924566887185
2023-02-22 05:00:00,42.37555737660765
2023-02-22 06:00:00,44.05669586168691
2023-02-22 07:00:00,43.290917684698385
2023-02-22 08:00:00,42.60157418010101
2023-02-22 09:00:00,43.47478364022431
2023-02-22 10:00:00,42.1926268112254
2023-02-22 11:00:00,43.7459142057432
2023-02-22 12:00:00,42.806980213305295
2023-02-22 13:00:00,44.39267730191156
2023-02-22 14:00:00,42.93108587677072
2023-02-22 15:00:00,43.3656604472454
2023-02-22 16:00:00,42.0348616197243
2023-02-22 17:00:00,42.21734066338367
2023-02-22 18:00:00,43.17748066922005
2023-02-22 19:00:00,43.43981650415137
2023-02-22 20:00:00,43.80006164435791
2023-02-22 21:00:00,42.874987736127906
2023-02-22 22:00:00,44.084945658379624
2023-02-22 23:00:00,44.58036719156761
2023-02-23 00:00:00,44.339552966680046
2023-02-23 01:00:00,42.118856476045075
2023-02-23 02:00:00,43.44152084177349
2023-02-23 03:00:00,42.314790535254524
2023-02-23 04:00:00,42.72613504758758
2023-02-23 05:00:00,44.95998777980144
2023-02-23 06:00:00,42.42748662870454
2023-02-23 07:00:00,43.49666446035407
2023-02-23 08:00:00,43.85446720295436
2023-02-23 09:00:00,44.10739491163231
2023-02-23 10:00:00,43.678946050460745
2023-02-23 11:00:00,42.02931254225755
2023-02-23 12:00:00,42.97938392473198
2023-02-23 13:00:00,43.55313493015414
2023-02-23 14:00:00,42.2635994974345
2023-02-23 15:00:00,43.05188079362754
2023-02-23 16:00:00,42.0996093263741
2023-02-23 17:00:00,42.235735491465064
2023-02-23 18:00:00,43.190769828604786
2023-02-23 19:00:00,42.39814726212918
2023-02-23 20:00:00,43.702622544784674
2023-02-23 21:00:00,44.0683949074118
2023-02-23 22:00:00,44.40176009732725
2023-02-23 23:00:00,42.60045073273443
2023-02-24 00:00:00,42.50244774677721
2023-02-24 01:00:00,42.3137035210032
2023-02-24 02:00:00,43.90929074863091
2023-02-24 03:00:00,44.1194271794607
2023-02-24 04:00:00,42.09475843447693
2023-02-24 05:00:00,44.80863673873107
2023-02-24 06:00:00,42.15591385095442
2023-02-24 07:00:00,43.62388900590321
2023-02-24 08:00:00,44.127181558352746
2023-02-24 09:00:00,44.61290737123826
2023-02-24 10:00:00,44.14226079639728
2023-02-24 11:00:00,44.40518424920938
2023-02-24 12:00:00,43.01835057762842
2023-02-24 13:00:00,44.44447534123954
2023-02-24 14:00:00,42.24034453915402
2023-02-24 15:00:00,44.68444996818158
2023-02-24 16:00:00,43.64277712846121
2023-02-24 17:00:00,44.45189330988748
2023-02-24 18:00:00,43.3569548535549
2023-02-24 19:00:00,43.93073308558957
2023-02-24 20:00:00,43.57920798280834
2023-02-24 21:00:00,44.194768565265996
2023-02-24 22:00:00,42.24488994609177
2023-02-24 23:00:00,42.18105625197169
2023-02-25 00:00:00,42.74130970203044
2023-02-25 01:00:00,42.478634040339564
2023-02-25 02:00:00,44.615350699776606
2023-02-25 03:00:00,42.65764196207413
2023-02-25 04:00:00,44.92759576745739
2023-02-25 05:00:00,43.01068737531332
2023-02-25 06:00:00,42.5463537470661
2023-02-25 07:00:00,44.36909552142744
2023-02-25 08:00:00,43.97612332650263
2023-02-25 09:00:00,43.49458714935942
2023-02-25 10:00:00,43.66609065281289
2023-02-25 11:00:00,44.15760533481679
2023-02-25 12:00:00,42.68536422399389
2023-02-25 13:00:00,44.989001748170224
2023-02-25 14:00:00,44.92437948644035
2023-02-25 15:00:00,43.95097705904081
2023-02-25 16:00:00,42.59862735278744
2023-02-25 17:00:00,44.04068472729387
2023-02-25 18:00:00,42.21659522693753
2023-02-25 19:00:00,42.09195750661742
2023-02-25 20:00:00,42.77304866553364
2023-02-25 21:00:00,43.38786887021795
2023-02-25 22:00:00,44.60481751622514
2023-02-25 23:00:00,44.18150720929892
2023-02-26 00:00:00,44.22811956359995
2023-02-26 01:00:00,43.276480003344226
2023-02-26 02:00:00,43.03780497764089
2023-02-26 03:00:00,43.113116288953805
2023-02-26 04:00:00,44.962948691208176
2023-02-26 05:00:00,42.12032757423745
2023-02-26 06:00:00,44.601094488367345
2023-02-26 07:00:00,43.73602622571718
2023-02-26 08:00:00,43.31584625756877
2023-02-26 09:00:00,44.17577298124541
2023-02-26 10:00:00,43.46000682427411
2023-02-26 11:00:00,44.620269714244984
2023-02-26 12:00:00,44.702105592033774
2023-02-26 13:00:00,43.265162780620365
2023-02-26 14:00:00,42.83048339170516
2023-02-26 15:00:00,43.777050985780086
2023-02-26 16:00:00,44.73709003685007
2023-02-26 17:00:00,42.631986567017
2023-02-26 18:00:00,43.868899750690446
2023-02-26 19:00:00,43.89468066027756
2023-02-26 20:00:00,44.199339067245845
2023-02-26 21:00:00,42.39470305538178
2023-02-26 22:00:00,44.14747489404627
2023-02-26 23:00:00,44.72709756199692
2023-02-27 00:00:00,42.53904932661072
2023-02-27 01:00:00,42.71262997477163
2023-02-27 02:00:00,44.91418528212492
2023-02-27 03:00:00,42.54293085812847
2023-02-27 04:00:00,44.56315528010874
2023-02-27 05:00:00,43.4768335693441
2023-02-27 06:00:00,42.74169322320953
2023-02-27 07:00:00,44.61224970381753
2023-02-27 08:00:00,43.335915765008
2023-02-27 09:00:00,43.54445206178907
2023-02-27 10:00:00,43.077700108199295
2023-02-27 11:00:00,43.778852554304784
2023-02-27 12:00:00,42.490571617755066
2023-02-27 13:00:00,43.17324460995528
2023-02-27 14:00:00,44.90823696700586
2023-02-27 15:00:00,42.77440029810338
2023-02-27 16:00:00,43.970209993623875
2023-02-27 17:00:00,42.975570192674084
2023-02-27 18:00:00,44.3204193770598
2023-02-27 19:00:00,42.39262098215505
2023-02-27 20:00:00,44.90946313523563
2023-02-27 21:00:00,43.36136862415092
2023-02-27 22:00:00,42.70815139003939
2023-02-27 23:00:00,42.220490241990035
2023-02-28 00:00:00,42.50927371526262
2023-02-28 01:00:00,43.55932184566805
2023-02-28 02:00:00,43.01100952929386
2023-02-28 03:00:00,44.486650097647825
2023-02-28 04:00:00,43.29266257098542
2023-02-28 05:00:00,42.74614281776289
2023-02-28 06:00:00,43.85143495981209
2023-02-28 07:00:00,44.12033165065634
2023-02-28 08:00:00,42.50112572370285
2023-02-28 09:00:00,42.50285764886495
2023-02-28 10:00:00,42.11001428080063
2023-02-28 11:00:00,44.20920604519692
2023-02-28 12:00:00,43.99141358286541
2023-02-28 13:00:00,43.423892627249444
2023-02-28 14:00:00,44.53251134690759
2023-02-28 15:00:00,44.41701045885016
2023-02-28 16:00:00,43.75606309319026
2023-02-28 17:00:00,44.60481384153977
2023-02-28 18:00:00,42.617523630110306
2023-02-28 19:00:00,42.33575885819318
2023-02-28 20:00:00,42.80924883455097
2023-02-28 21:00:00,42.17126056826795
2023-02-28 22:00:00,43.5935085840031
2023-02-28 23:00:00,44.80981707688488
2023-03-01 00:00:00,42.11803062200553
2023-03-01 01:00:00,42.36632974203008
2023-03-01 02:00:00,43.35659708485031
2023-03-01 03:00:00,44.80162505258372
2023-03-01 04:00:00,42.94846831493025
2023-03-01 05:00:00,43.52170442606518
2023-03-01 06:00:00,42.12471857715118
2023-03-01 07:00:00,42.445029602886265
2023-03-01 08:00:00,44.95989036887654
2023-03-01 09:00:00,44.89535608930814
2023-03-01 10:00:00,42.01481994280323
2023-03-01 11:00:00,44.855435356269716
2023-03-01 12:00:00,43.9173598134465
2023-03-01 13:00:00,44.603754883560065
2023-03-01 14:00:00,43.364219566901575
2023-03-01 15:00:00,43.54678808573775
2023-03-01 16:00:00,43.46653974077076
2023-03-01 17:00:00,44.00059277263831
2023-03-01 18:00:00,42.41895376426894
2023-03-01 19:00:00,42.08992076961803
2023-03-01 20:00:00,42.92378982477357
2023-03-01 21:00:00,44.11404228820994
2023-03-01 22:00:00,42.60556035636885
2023-03-01 23:00:00,44.02029729997475
2023-03-02 00:00:00,44.90973613832181
2023-03-02 01:00:00,42.28170214736826
2023-03-02 02:00:00,44.01780635467538
2023-03-02 03:00:00,43.331250657913714
2023-03-02 04:00:00,44.604426763132516
2023-03-02 05:00:00,42.53144936834216
2023-03-02 06:00:00,44.07787785667849
2023-03-02 07:00:00,44.51434586894433
2023-03-02 08:00:00,44.83384265842207
2023-03-02 09:00:00,44.049744084868934
2023-03-02 10:00:00,43.49152429202528
2023-03-02 11:00:00,43.853541720603644
2023-03-02 12:00:00,44.60671495343615
2023-03-02 13:00:00,43.71182923991649
2023-03-02 14:00:00,42.09116117909051
2023-03-02 15:00:00,44.79284608652093
2023-03-02 16:00:00,44.06858025309468
2023-03-02 17:00:00,44.02954015733174
2023-03-02 18:00:00,42.64702545719315
2023-03-02 19:00:00,43.97665641069797
2023-03-02 20:00:00,43.181593216962476
2023-03-02 21:00:00,43.95369893112448
2023-03-02 22:00:00,42.31977909092397
2023-03-02 23:00:00,43.97353591380911
2023-03-03 00:00:00,44.998241177311996
2023-03-03 01:00:00,42.144636116581665
2023-03-03 02:00:00,44.93152255266395
2023-03-03 03:00:00,43.22072388216861
2023-03-03 04:00:00,44.61226035101178
2023-03-03 05:00:00,44.34715645217482
2023-03-03 06:00:00,43.70104878296
2023-03-03 07:00:00,44.21534762775398
2023-03-03 08:00:00,44.635546683904046
2023-03-03 09:00:00,43.2124209649531
2023-03-03 10:00:00,42.981099484689715
2023-03-03 11:00:00,44.002780156690754
2023-03-03 12:00:00,44.42353782582378
2023-03-03 13:00:00,44.28685540432985
2023-03-03 14:00:00,44.3934409465759
2023-03-03 15:00:00,43.3067499444388
2023-03-03 16:00:00,44.45350264852507
2023-03-03 17:00:00,42.360627166111826
2023-03-03 18:00:00,43.633467293882546
2023-03-03 19:00:00,42.017275981494365
2023-03-03 20:00:00,42.97375748970081
2023-03-03 21:00:00,43.099384604614194
2023-03-03 22:00:00,43.18851807482777
2023-03-03 23:00:00,44.08640162006959
2023-03-04 00:00:00,43.16567430381104
2023-03-04 01:00:00,43.34608086786759
2023-03-04 02:00:00,42.712632392622986
2023-03-04 03:00:00,43.11975537488802
2023-03-04 04:00:00,42.68180888178946
2023-03-04 05:00:00,42.21958777130533
2023-03-04 06:00:00,43.81034578014413
2023-03-04 07:00:00,44.00463839566505
2023-03-04 08:00:00,43.858471038028846
2023-03-04 09:00:00,43.39048213140172
2023-03-04 10:00:00,43.13935734053769
2023-03-04 11:00:00,44.59000094871548
